person_id,id,name,character,role
96413,tm1300,Peter Robbins,Charlie Brown (voice),ACTOR
96416,tm1300,Christopher Shea,Linus Van Pelt (voice),ACTOR
96414,tm1300,Tracy Stratford,Lucy Van Pelt (voice),ACTOR
96415,tm1300,Cathy Steinberg,Sally Brown (voice),ACTOR
149,tm1300,Bill Melendez,Snoopy (voice),ACTOR
96409,tm1300,Chris Doran,Schroeder / Shermy (voice),ACTOR
96410,tm1300,Sally Dryer,Violet (voice),ACTOR
96411,tm1300,Karen Mendelson,Patty (voice),ACTOR
96412,tm1300,Geoffrey Ornstein,Pig-Pen (voice),ACTOR
96408,tm1300,Ann Altieri,Frieda (voice),ACTOR
149,tm1300,Bill Melendez,,DIRECTOR
96413,tm71152,Peter Robbins,Charlie Brown (voice),ACTOR
96416,tm71152,Christopher Shea,Linus Van Pelt (voice),ACTOR
96410,tm71152,Sally Dryer,Lucy Van Pelt (voice),ACTOR
149,tm71152,Bill Melendez,Snoopy (voice),ACTOR
96415,tm71152,Cathy Steinberg,Sally Brown (voice),ACTOR
537139,tm71152,Gail DeFaria,Pigpen (voice),ACTOR
540391,tm71152,Glenn Mendelson,Schroeder / Shermy (voice),ACTOR
96408,tm71152,Ann Altieri,Frieda / Violet (voice),ACTOR
540390,tm71152,Lisa DeFaria,Patty (voice),ACTOR
149,tm71152,Bill Melendez,,DIRECTOR
147,tm2562,Todd Barbee,Charlie Brown (voice),ACTOR
218206,tm2562,Robin Kohn,Lucy van Pelt (voice),ACTOR
218207,tm2562,Stephen Shea,Linus van Pelt (voice),ACTOR
218725,tm2562,Hilary Momberger-Powers,Sally Brown (voice),ACTOR
146,tm2562,Christopher DeFaria,Patricia 'Peppermint Patty' Reichardt (voice),ACTOR
524248,tm2562,Jimmy Ahrens,Marcie (voice),ACTOR
149,tm2562,Bill Melendez,Snoopy / Woodstock (voice) (uncredited),ACTOR
1272542,tm2562,Robin Reed,Franklin (voice),ACTOR
253690,tm2562,Vince Guaraldi,Little Birdie Singer (voice) (uncredited),ACTOR
96413,tm2562,Peter Robbins,Charlie Brown's screaming voice (voice) (uncredited),ACTOR
54408,tm2562,Phil Roman,,DIRECTOR
149,tm2562,Bill Melendez,,DIRECTOR
439353,tm125274,Duncan Watson,Charlie Brown (voice),ACTOR
218207,tm125274,Stephen Shea,Linus van Pelt (voice),ACTOR
523059,tm125274,Melanie Kohn,Lucy van Pelt (voice),ACTOR
199826,tm125274,Greg Felton,Schroeder (voice),ACTOR
523060,tm125274,Lynn Mortensen,Sally Brown (voice),ACTOR
218726,tm125274,Linda Ercoli,Violet / Frieda (voice),ACTOR
149,tm125274,Bill Melendez,Snoopy / Woodstock (voice),ACTOR
54408,tm125274,Phil Roman,,DIRECTOR
147,tm106607,Todd Barbee,Charlie Brown / Schroeder (voice),ACTOR
523059,tm106607,Melanie Kohn,Lucy van Pelt (voice),ACTOR
218207,tm106607,Stephen Shea,Linus van Pelt (voice),ACTOR
218726,tm106607,Linda Ercoli,Patricia 'Peppermint Patty' Reichardt (voice),ACTOR
523060,tm106607,Lynn Mortensen,Sally Brown / Violet / Frieda (voice),ACTOR
524248,tm106607,Jimmy Ahrens,Marcie (voice),ACTOR
149,tm106607,Bill Melendez,Snoopy / Woodstock (voice) (uncredited),ACTOR
54408,tm106607,Phil Roman,,DIRECTOR
25701,ts5136,Jerry Nelson,Gobo Fraggle / Marjory the Trash Heap / Pa Gorg / Uncle Gobo Fraggle / Mervin Merggle / Fishface / Parrot / Architect Doozer / Feenie Fraggle / Radio Announcers (voice),ACTOR
15756,ts5136,Steve Whitmire,Wembley Fraggle / Sprocket the Dog / Mermer Merggle / Crusty Doozer / Venerable Sage Hambo / Murray the Minstrel / Flange Doozer / Sir Blunderbrain / Club Member #3 (voice),ACTOR
82092,ts5136,Karen Prell,Red Fraggle / Balsam the Minstrel / Wingnut Doozer / Judge Gaval Fraggle / Marly Fraggle / Gorg's Killer Souffle / Wingnut Fraggle / Fluffinella / Modem Doozer / The Beast / Baby Tree Creature (voice),ACTOR
15758,ts5136,Dave Goelz,"Boober / Uncle ""Traveling"" Matt / Side Bottom / The World's Oldest Fraggle (voice)",ACTOR
32615,ts5136,Kathryn Mullen,Mokey Fraggle / Cotterpin Dozer / Crosscut Doozer / Merboo Merggle / Rock Hockey Hannah / Wimple Fraggle / The Old Gypsy Lady / Sally Spotless / Tammy Shrub / Baby Doozer / Doozer #2 (voice),ACTOR
40308,ts5136,Gerard Parkes,Doc,ACTOR
86161,ts5136,Bob Stutt,Muppet Performer / Felix the Fearless / Wandering McMooch / Last of the Lily Creatures / The Avalanche Monster / Bigmouth Fraggle (voice),ACTOR
25702,ts5136,Richard Hunt,Junior Gorg (himself) / Gunge / Mudwell the Mudbunny / Herkimer Fraggle / The Spiderfly / Gillis Fraggle / Turbo / The Genie / Purple Fragglette / Fire Chief Fraggle / Flex Doozer / Background Fraggles (voice),ACTOR
32002,tm115354,Chad Allen,Charlie Brown (voice),ACTOR
475391,tm115354,Kristie Baker,Peppermint Patty (voice),ACTOR
494018,tm115354,Melissa Guzzi,Lucy van Pelt (voice),ACTOR
494019,tm115354,Aron Mandelbaum,Schroeder (voice),ACTOR
53263,tm115354,Jeremy Miller,Linus van Pelt (voice),ACTOR
494020,tm115354,Jason Mendelson,Marcie (voice),ACTOR
494021,tm115354,Elizabeth Lyn Fraser,Sally Brown (voice),ACTOR
149,tm115354,Bill Melendez,Snoopy / Woodstock (voice) (uncredited),ACTOR
483151,tm115354,Sam Jaimes,,DIRECTOR
149,tm115354,Bill Melendez,,DIRECTOR
2163,tm62080,George Clooney,Jack Foley,ACTOR
2231,tm62080,Jennifer Lopez,Karen Sisco,ACTOR
3458,tm62080,Ving Rhames,Buddy Bragg,ACTOR
1854,tm62080,Don Cheadle,Maurice 'Snoopy' Miller,ACTOR
2281,tm62080,Steve Zahn,Glenn Michaels,ACTOR
4494,tm62080,Dennis Farina,Marshall Sisco,ACTOR
6108,tm62080,Catherine Keener,Adele Delisi,ACTOR
28194,tm62080,Isaiah Washington,Kenneth,ACTOR
7064,tm62080,Albert Brooks,Richard Ripley,ACTOR
11409,tm62080,Luis Guzmán,José 'Chino' Chirino,ACTOR
7871,tm62080,Viola Davis,Moselle,ACTOR
1627145,tm62080,Jim Robinson,Bank Employee,ACTOR
124729,tm62080,Mike Malone,Bank Customer,ACTOR
1627415,tm62080,Donna Frenzel,Bank Teller,ACTOR
82960,tm62080,Manny Suarez,Bank Cop,ACTOR
9346,tm62080,Keith Hudson,Bank Cop,ACTOR
269867,tm62080,Paul Soileau,Lulu,ACTOR
124728,tm62080,Scott Allen,Pup,ACTOR
1497618,tm62080,Susan Hatfield,Parking Lot Woman,ACTOR
207618,tm62080,Brad Martin,White Boxer,ACTOR
13992,tm62080,James Black,Himey,ACTOR
485040,tm62080,Wendell B. Harris Jr.,Daniel Burdon,ACTOR
43606,tm62080,Chuck Castleberry,Library Guard,ACTOR
19758,tm62080,Chic Daniel,Shock Lock FBI Man,ACTOR
10962,tm62080,Keith Loneker,White Boy Bob,ACTOR
14912,tm62080,Connie Sawyer,Old Elevator Lady,ACTOR
36786,tm62080,Philip Perlman,Old Elevator Gent,ACTOR
22962,tm62080,Paul Calderon,Raymond Cruz,ACTOR
469638,tm62080,Gregory Alpert,Officer Grant,ACTOR
1627427,tm62080,Mark Brown,Ripley Personnel,ACTOR
1627429,tm62080,Sandra Ives,Ripley Receptionist,ACTOR
72538,tm62080,Joe Hess,Ripley Guard,ACTOR
25491,tm62080,Betsy Monroe,Waitress,ACTOR
4411,tm62080,Wayne Pére,Philip,ACTOR
14302,tm62080,Joe Chrest,Andy,ACTOR
79233,tm62080,Joe Coyle,Third Ad Guy,ACTOR
13720,tm62080,Nancy Allen,Midge,ACTOR
2295,tm62080,Michael Keaton,Ray Nicolette (uncredited),ACTOR
1852,tm62080,Samuel L. Jackson,Hejirah Henry (uncredited),ACTOR
1627433,tm62080,Stephen M. Horn,Federal Marshal,ACTOR
405816,tm62080,Oscar A. Diaz,Airport Patron (uncredited),ACTOR
205226,tm62080,Jennifer Dorogi,Waitress (uncredited),ACTOR
65966,tm62080,Deborah Smith Ford,Airport Passenger (uncredited),ACTOR
669568,tm62080,Mike Gerzevitz,Xenon Light Guard (uncredited),ACTOR
1561851,tm62080,Thelma Gutiérrez,Flight Attendant (uncredited),ACTOR
138837,tm62080,Wayne V. Johnson,Bank Manager (uncredited),ACTOR
778075,tm62080,Pati Lauren,Bank Patron (uncredited),ACTOR
469713,tm62080,Sherrie Peterson,Shopper (uncredited),ACTOR
186445,tm62080,Ronnie Stutes,Gas Station Attendant (uncredited),ACTOR
6315,tm62080,Steven Soderbergh,,DIRECTOR
13602,tm57265,Catherine Zeta-Jones,"Virginia ""Gin"" Baker",ACTOR
6833,tm57265,Sean Connery,"Robert ""Mac"" MacDougal",ACTOR
10396,tm57265,Will Patton,Hector Cruz,ACTOR
10476,tm57265,Maury Chaykin,Conrad Greene,ACTOR
3458,tm57265,Ving Rhames,Aaron Thibadeaux,ACTOR
3384,tm57265,Kevin McNally,Haas,ACTOR
24331,tm57265,Terry O'Neill,Quinn,ACTOR
81181,tm57265,Madhav Sharma,Security Chief,ACTOR
11736,tm57265,David Yip,Chief of Police,ACTOR
81182,tm57265,Tim Potter,Millennium Man,ACTOR
17508,tm57265,Eric Meyers,Waverly Technician,ACTOR
81183,tm57265,Aaron Swartz,Cruz's Man,ACTOR
81184,tm57265,William Marsh,Computer Technician,ACTOR
81185,tm57265,Tony Xu,Banker,ACTOR
598721,tm57265,Rolf Saxon,ICB Director,ACTOR
67996,tm57265,Tom Clarke Hill,ICB Operator,ACTOR
81187,tm57265,David Howard,ICB Technician,ACTOR
463258,tm57265,Sai-Kit Yung,Doctor,ACTOR
73350,tm57265,Ravin J. Ganatra,1st Security Guard,ACTOR
81188,tm57265,Rhydian Jai-Persad,2nd Security Guard,ACTOR
598722,tm57265,Hari Dhillon,3rd Security Guard,ACTOR
22600,tm57265,Jon Amiel,,DIRECTOR
473809,tm125504,Jamie E. Smith,Charlie Brown (voice),ACTOR
466704,tm125504,John Christian Graas,Linus Van Pelt (voice),ACTOR
5977,tm125504,Marnette Patterson,Lucy Van Pelt / Frieda (voice),ACTOR
473810,tm125504,Mindy Ann Martin,Sally Brown (voice),ACTOR
149,tm125504,Bill Melendez,Snoopy / Woodstock (voice),ACTOR
473811,tm125504,Phillip Lucier,Peppermint Patty (voice),ACTOR
473812,tm125504,Lindsay Benesh,Marcie / Patty (voice),ACTOR
2567836,tm125504,Sean Mendelson,Franklin (voice),ACTOR
2097158,tm125504,Deanna Tello,Peggy Jean / Violet (voice),ACTOR
2097334,tm125504,Matthew Slowik,Harold Angel (voice),ACTOR
478279,tm125504,Brittany Thornton,Additional voices (voice),ACTOR
53400,tm125504,Jodie Sweetin,Sally Brown (voice),ACTOR
149,tm125504,Bill Melendez,,DIRECTOR
1071,tm134144,Mark Wahlberg,Charlie Croker,ACTOR
1737,tm134144,Charlize Theron,Stella Bridger,ACTOR
2540,tm134144,Edward Norton,Steve,ACTOR
2674,tm134144,Jason Statham,Handsome Rob,ACTOR
1491,tm134144,Seth Green,Lyle,ACTOR
7183,tm134144,Yasiin Bey,Left Ear,ACTOR
1765,tm134144,Donald Sutherland,John Bridger,ACTOR
78216,tm134144,Boris Lee Krutonog,Yevhen,ACTOR
590351,tm134144,Franky G,Wrench,ACTOR
78218,tm134144,Gawtti,Skinny Pete,ACTOR
15349,tm134144,Olek Krupa,Mashkov,ACTOR
78219,tm134144,Melanie Jayne,Skinny Pete's Girl,ACTOR
1087253,tm134144,Kobra Devoux,Pete's Guard,ACTOR
7606,tm134144,Oscar Nunez,Security Guard,ACTOR
78208,tm134144,Fausto Callegarini,Italian Guard,ACTOR
78209,tm134144,Stefano Petronelli,Garbageman,ACTOR
78210,tm134144,Fabio Scarpa,Garbageman,ACTOR
78211,tm134144,Cristiano Bonora,Garbageman,ACTOR
78212,tm134144,Tiberio Greco,Garbageman,ACTOR
78214,tm134144,Mary Portser,Stella's Receptionist,ACTOR
598747,tm134144,Gregory Scott Cummins,Ukranian,ACTOR
7103,tm134144,Scott Adsit,Actor Rehearsing In Car,ACTOR
26349,tm134144,Kelly Brook,Lyle's Girlfriend,ACTOR
39150,tm134144,Erik Walker,Bully,ACTOR
78213,tm134144,Jimmy Shubert,First Detective,ACTOR
78215,tm134144,Tammi Cubilette,Second Detective,ACTOR
44216,tm134144,Simon Rhee,Armored Truck Guard,ACTOR
293300,tm134144,Joel Homan,Young Charlie,ACTOR
101751,tm134144,Julie Costello,Becky,ACTOR
232144,tm134144,Marty Ryan,ATSAC Supervisor,ACTOR
1033098,tm134144,Aaron Speiser,Danielson,ACTOR
1613797,tm134144,Thomas Alexander,Vance,ACTOR
39493,tm134144,Martin Morales,Valet,ACTOR
76931,tm134144,Frank Nyi,ATSAC Employee,ACTOR
31348,tm134144,Merritt Yohnka,Gold Truck Driver,ACTOR
1805777,tm134144,Ryan B. Adams,Metro Conductor,ACTOR
1063455,tm134144,John Alden,Motorcycle Guard,ACTOR
925219,tm134144,Gloria O'Brien,Handsome Rob's Policewoman,ACTOR
14595,tm134144,F. Gary Gray,,DIRECTOR
6747,tm145132,Nicolas Cage,Roy Waller,ACTOR
7156,tm145132,Sam Rockwell,Frank Mercer,ACTOR
10558,tm145132,Alison Lohman,Angela,ACTOR
22633,tm145132,Bruce Altman,Dr. Klein,ACTOR
6430,tm145132,Bruce McGill,Chuck Frechette,ACTOR
9019,tm145132,Jenny O'Hara,Mrs. Schaffer,ACTOR
6064,tm145132,Steve Eastin,Mr. Schaffer,ACTOR
5514,tm145132,Beth Grant,Laundry Lady,ACTOR
41489,tm145132,Sheila Kelley,Kathy,ACTOR
16242,tm145132,Fran Kranz,Slacker Boyfriend,ACTOR
4726,tm145132,Tim Kelleher,Bishop,ACTOR
10999,tm145132,Nigel Gibbs,Holt,ACTOR
84167,tm145132,Bill Saito,Pharmacist #1,ACTOR
36780,tm145132,Tim Maculan,Pharmacist #2,ACTOR
18639,tm145132,Stoney Westmoreland,Man in Line,ACTOR
2098291,tm145132,Lynn Ann Leveridge,Bank Clerk,ACTOR
5096,tm145132,Giannina Facio,Bank Teller,ACTOR
33711,tm145132,Sonya Eddy,Parking Garage Cashier,ACTOR
146364,tm145132,Michael Clossin,Long Winded Parking Booth Driver,ACTOR
2098344,tm145132,Kim Cassidy,Stripper,ACTOR
501957,tm145132,Paul Hubbard,Store Clerk,ACTOR
396603,tm145132,Monnae Michaell,Carpet Store Manager,ACTOR
230145,tm145132,Dennis Anderson,Cashier,ACTOR
1087308,tm145132,Marco Kyris,Pizza Boy,ACTOR
15017,tm145132,Jerry Hauck,Taxi Cab Driver,ACTOR
74372,tm145132,Jim Zulevic,Bartender,ACTOR
1857429,tm145132,Ramsey Malouky,Hospital Intern,ACTOR
2098198,tm145132,Andi Sherrill,Pharmacy Cashier,ACTOR
661411,tm145132,Kate Steele,Strip Club Waitress,ACTOR
81533,tm145132,Adam Clark,Strip Club Bouncer,ACTOR
954250,tm145132,Daniel Villarreal,Car Wash Employee,ACTOR
79824,tm145132,Marco Assante,Valet Parker,ACTOR
11006,tm145132,Melora Walters,Heather (uncredited),ACTOR
26506,tm145132,Larry Vigus,Pharmacy Customer (uncredited),ACTOR
4591,tm145132,Ridley Scott,,DIRECTOR
733,ts31643,Ewan McGregor,Himself,ACTOR
100262,ts31643,Charley Boorman,Himself,ACTOR
103160,ts31643,Russ Malkin,,DIRECTOR
32095,ts31643,David Alexanian,,DIRECTOR
100262,ts22073,Charley Boorman,Himself,ACTOR
733,ts22073,Ewan McGregor,Himself,ACTOR
32095,ts22073,David Alexanian,Self,ACTOR
103160,ts22073,Russ Malkin,Self,ACTOR
1962252,ts22073,Jimmy Simak,Self,ACTOR
32095,ts22073,David Alexanian,,DIRECTOR
103160,ts22073,Russ Malkin,,DIRECTOR
7378,tm136009,Jimmy Bennett,Rerun Van Pelt (voice),ACTOR
135830,tm136009,Adam Taylor Gordon,Charlie Brown (voice),ACTOR
135831,tm136009,Ashley Rose Orr,Lucy Van Pelt (voice),ACTOR
35803,tm136009,Corey Padnos,Linus Van Pelt (voice),ACTOR
55830,tm136009,Hannah Leigh,Sally Brown (voice),ACTOR
60787,tm136009,Nick Price,Schroeder (voice),ACTOR
135833,tm136009,Jake Miner,Pig Pen / Franklin (voice),ACTOR
135834,tm136009,Kaitlyn Maggio,Little Pigtailed Girl / Violet / Patty / Frieda (voice),ACTOR
149,tm136009,Bill Melendez,Snoopy / Spike (voice),ACTOR
135835,tm136009,Larry Leichliter,,DIRECTOR
149,tm136009,Bill Melendez,,DIRECTOR
12054,tm109971,Wesley Singerman,Charlie Brown (voice),ACTOR
264504,tm109971,Serena Berman,Lucy Van Pelt (voice),ACTOR
35803,tm109971,Corey Padnos,Linus van Pelt (voice),ACTOR
92673,tm109971,Megan Taylor Harvey,Sally Brown (voice),ACTOR
53247,tm109971,Christopher Johnson,Schroeder (voice),ACTOR
39156,tm109971,Timmy Deters,Rerun Van Pelt (voice),ACTOR
431257,tm109971,Lauren Schaffel,Jezebel / Lydia (voice),ACTOR
149,tm109971,Bill Melendez,Snoopy / Woodstock (voice),ACTOR
135835,tm109971,Larry Leichliter,,DIRECTOR
12054,tm116453,Wesley Singerman,Charlie Brown (voice),ACTOR
431257,tm116453,Lauren Schaffel,Lucy Van Pelt (voice),ACTOR
35803,tm116453,Corey Padnos,Linus Van Pelt (voice),ACTOR
2735356,tm116453,Emily Lalande,Peppermint Patty (voice),ACTOR
316489,tm116453,Jessica D. Stone,Marcie (voice),ACTOR
77472,tm116453,Nicolette Little,Sally (voice),ACTOR
53247,tm116453,Christopher Johnson,Schroeder (voice),ACTOR
149,tm116453,Bill Melendez,Snoopy (voice),ACTOR
149,tm116453,Bill Melendez,,DIRECTOR
4876,tm48817,Jason Segel,Tom Solomon,ACTOR
1738,tm48817,Emily Blunt,Violet Barnes,ACTOR
4826,tm48817,Rhys Ifans,Winton Childs,ACTOR
5116,tm48817,Chris Pratt,Alex Eilhauer,ACTOR
12795,tm48817,Alison Brie,Suzie Barnes,ACTOR
5679,tm48817,Jacki Weaver,Sylvia Dickerson-Barnes,ACTOR
4759,tm48817,Jim Piddock,George Barnes,ACTOR
9209,tm48817,David Paymer,Pete Solomon,ACTOR
12796,tm48817,Mimi Kennedy,Carol Solomon,ACTOR
4887,tm48817,Mindy Kaling,Vaneetha,ACTOR
8531,tm48817,Kevin Hart,Doug,ACTOR
9245,tm48817,Brian Posehn,Tarquin,ACTOR
8707,tm48817,Chris Parnell,Bill,ACTOR
12798,tm48817,Lauren Weedman,Chef Sally,ACTOR
193620,tm48817,Tracee Chimo,Margaret,ACTOR
12797,tm48817,Adam Campbell,Gideon,ACTOR
2886,tm48817,Dakota Johnson,Audrey,ACTOR
6208,tm48817,Randall Park,Ming,ACTOR
32863,tm48817,Jane Carr,Grandma Katherine,ACTOR
18145,tm48817,Clement von Franckenstein,Grandpa Baba,ACTOR
8413,tm48817,Michael Ensign,Grandpa Harold,ACTOR
314789,tm48817,Madge Levinson,Grandma Leonora,ACTOR
441963,tm48817,Laurie Brown,Professor Walch,ACTOR
232518,tm48817,Chris Newman,Used Car Lot Guy,ACTOR
85072,tm48817,Murray Miller,SF Wedding Barn Manager,ACTOR
168405,tm48817,Eileen Grubba,Botanical Garden Manager,ACTOR
793639,tm48817,Mark Rademacher,Priest,ACTOR
94858,tm48817,Kevin Yon,Rabbi,ACTOR
434075,tm48817,Heather Mathieson,Female Justice of the Peace,ACTOR
19656,tm48817,Kumail Nanjiani,Pakistani Chef,ACTOR
795163,tm48817,Gina Ragnone,Ashley,ACTOR
43681,tm48817,Stephanie Faracy,Florist,ACTOR
27956,tm48817,Aaron Lustig,Michigan Rabbi,ACTOR
5368,tm48817,Tim Heidecker,Negotiating Chef,ACTOR
5151,tm48817,Molly Shannon,Onion Chef,ACTOR
233357,tm48817,AnnaCorey,Jill Wedding Attendee (uncredited),ACTOR
11429,tm48817,Nicholas Stoller,,DIRECTOR
16206,ts224087,Jason Sudeikis,Ted Lasso,ACTOR
645697,ts224087,Hannah Waddingham,Rebecca Welton,ACTOR
5315,ts224087,Juno Temple,Keeley Jones,ACTOR
17772,ts224087,Jeremy Swift,Leslie Higgins,ACTOR
45595,ts224087,Phil Dunster,Jamie Tartt,ACTOR
94688,ts224087,Brett Goldstein,Roy Kent,ACTOR
1013835,ts224087,Brendan Hunt,Coach Beard,ACTOR
76730,ts224087,Nick Mohammed,Nathan Shelley,ACTOR
18720,ts89568,Lauren Ambrose,Dorothy Turner,ACTOR
3312,ts89568,Toby Kebbell,Sean Turner,ACTOR
4430,ts89568,Rupert Grint,Julian Pearce,ACTOR
32380,ts89568,Nell Tiger Free,Leanne Grayson,ACTOR
6429,ts89431,Joel Kinnaman,Ed Baldwin,ACTOR
25646,ts89431,Shantel VanSanten,Karen Baldwin,ACTOR
113516,ts89431,Jodi Balfour,Ellen Wilson,ACTOR
714086,ts89431,Krys Marshall,Danielle Poole,ACTOR
9765,ts89431,Edi Gathegi,Dev Ayesa,ACTOR
158445,ts89431,Cynthy Wu,Kelly Baldwin,ACTOR
894975,ts89431,Casey Johnson,Danny Stevens,ACTOR
264605,ts89431,Coral Peña,Aleida Rosales,ACTOR
54308,ts89431,Wrenn Schmidt,Margo Madison,ACTOR
85176,ts287697,Rob McElhenney,Ian Grimm,ACTOR
91798,ts287697,Charlotte Nicdao,Poppy Li,ACTOR
96750,ts287697,David Hornsby,David Brittlesbee,ACTOR
32107,ts287697,Danny Pudi,Brad Bakshi,ACTOR
272672,ts287697,Ashly Burch,Rachel,ACTOR
56600,ts287697,Imani Hakim,Dana,ACTOR
242720,ts287697,Jessie Ennis,Jo,ACTOR
1594086,ts287697,Naomi Ekperigin,Carol,ACTOR
1911,ts81645,Octavia Spencer,Poppy Scoville,ACTOR
995,ts81645,Mekhi Phifer,Markus Killebrew,ACTOR
110798,ts81645,Ron Cephas Jones,Leander 'Shreve' Scoville,ACTOR
8167,ts81645,Tracie Thoms,Desiree Scoville,ACTOR
101258,ts81645,Haneefah Wood,Cydie Scoville,ACTOR
31273,ts81645,Gabrielle Union,Eva Pierre,ACTOR
8955,ts222358,Jennifer Aniston,Alex Levy,ACTOR
13923,ts222358,Reese Witherspoon,Bradley Jackson,ACTOR
3358,ts222358,Billy Crudup,Cory Ellison,ACTOR
22191,ts222358,Mark Duplass,Charlie 'Chip' Black,ACTOR
7106,ts222358,Greta Lee,Stella Bak,ACTOR
44919,ts222358,Nestor Carbonell,Yanko Flores,ACTOR
18625,ts222358,Julianna Margulies,Laura Peterson,ACTOR
79818,ts222358,Karen Pittman,Mia Jordan,ACTOR
30424,ts222358,Desean Terry,Daniel Henderson,ACTOR
615952,ts222358,Ruairí O'Connor,Ty Fitzgerald,ACTOR
26179,ts82316,Jason Momoa,Baba Voss,ACTOR
94104,ts82316,Sylvia Hoeks,Queen Sibeth Kane,ACTOR
30441,ts82316,Hera Hilmar,Maghra,ACTOR
1203,ts82316,Christian Camargo,Tamacti Jun,ACTOR
1057386,ts82316,Archie Madekwe,Kofun,ACTOR
82220,ts82316,Nesta Cooper,Haniwa,ACTOR
839776,ts82316,Eden Epstein,Wren,ACTOR
48574,ts82316,Olivia Cheng,Charlotte,ACTOR
15408,ts82316,Tom Mison,Lord Harlan,ACTOR
16723,ts82316,Michael Raymond-James,Ranger,ACTOR
1403,ts82316,David Hewlett,Tormada,ACTOR
1855,tm531724,Anthony Mackie,Bernard Garrett,ACTOR
1852,tm531724,Samuel L. Jackson,Joe Morris,ACTOR
2805,tm531724,Nicholas Hoult,Matt Steiner,ACTOR
4247,tm531724,Nia Long,Eunice Garrett,ACTOR
296870,tm531724,Jessie T. Usher,Tony Jackson,ACTOR
4496,tm531724,Colm Meaney,Patrick Barker,ACTOR
26863,tm531724,Paul Ben-Victor,Donald Silverthorne,ACTOR
4419,tm531724,James DuMont,Senator McClellan,ACTOR
44702,tm531724,Taylor Black,Susie,ACTOR
1810,tm531724,Gregory Alan Williams,Britton Garrett,ACTOR
30704,tm531724,Bill Kelly,Charles Renault,ACTOR
1375419,tm531724,Jaylon Gordon,Bernard Jr. (11 Years Old),ACTOR
85257,tm531724,Michael Harney,Melvin Belli,ACTOR
31797,tm531724,David Maldonado,Bank Examiner,ACTOR
352140,tm531724,Craig Welzbacher,Deputy Comptroller Dunn,ACTOR
8941,tm531724,Chris Gann,2nd FBI Man,ACTOR
1835931,tm531724,Daniel Johnson,Minister (uncredited),ACTOR
23978,tm531724,George Nolfi,,DIRECTOR
2718,tm408218,Tom Hanks,Commander Krause,ACTOR
4491,tm408218,Stephen Graham,Charlie Cole,ACTOR
54245,tm408218,Rob Morgan,Cleveland,ACTOR
19703,tm408218,Josh Wiggins,Talker #1,ACTOR
973431,tm408218,Tom Brittney,Lt. Watson,ACTOR
8311,tm408218,Elisabeth Shue,Evelyn,ACTOR
133043,tm408218,Will Pullen,Talker #3,ACTOR
83326,tm408218,Manuel Garcia-Rulfo,Lopez,ACTOR
25555,tm408218,Karl Glusman,Eppstein,ACTOR
5366,tm408218,Chet Hanks,Bushnell,ACTOR
594926,tm408218,Jimi Stanton,Lt. Harbutt,ACTOR
1494763,tm408218,Matt Helm,Lt. Nystrom,ACTOR
115691,tm408218,Devin Druid,Wallace,ACTOR
43571,tm408218,Craig Tate,Pitts,ACTOR
1522489,tm408218,Travis Quentin,Ipsen,ACTOR
1522488,tm408218,Jeff Burkes,Shannon,ACTOR
109738,tm408218,Matthew Zuk,Flusser,ACTOR
590031,tm408218,Joseph Poliquin,Lee Helmsman #1,ACTOR
17672,tm408218,Casey Bond,Helmsman #1,ACTOR
262436,tm408218,Michael Benz,Carling,ACTOR
99866,tm408218,Grayson Russell,Signalman #1,ACTOR
24532,tm408218,Ian James Corlett,Dicky,ACTOR
125021,tm408218,Maximilian Osinski,Eagle,ACTOR
10896,tm408218,Dominic Keating,Harry,ACTOR
278993,tm408218,Dave Davis,Boatswain's Mate #1,ACTOR
109739,tm408218,Parker Wierling,Messenger #1,ACTOR
638707,tm408218,Ian Pala,Radarman,ACTOR
1522797,tm408218,Travis Przybylski,Dawson,ACTOR
281782,tm408218,Cade Burk,Starboard Lookout,ACTOR
933118,tm408218,Jesse Gallegos,Signalman #2,ACTOR
839498,tm408218,Alex Kramer,Talker #2,ACTOR
76853,tm408218,Lee Norris,Messenger #2,ACTOR
29269,tm408218,Adam Aalderks,Helmsman #2,ACTOR
886803,tm408218,Keon Motakhaveri,Lee Helmsman #2,ACTOR
1224696,tm408218,Jake Ventimiglia,Fippler,ACTOR
1522826,tm408218,Michael Carollo,Forward Lookout,ACTOR
747827,tm408218,Caleb J. Thaggard,Port Lookout,ACTOR
1524850,tm408218,John Frederick,Chief Quartermaster Frederick,ACTOR
107450,tm408218,Jeff Adler,Rudel,ACTOR
1522843,tm408218,Brandon Holubar,Bridge Lookout #1,ACTOR
1522849,tm408218,Joel Newsom,Bridge Lookout #2,ACTOR
1857,tm408218,Thomas Kretschmann,Grey Wolf (voice),ACTOR
31797,tm408218,David Maldonado,Dr. Temme,ACTOR
1146199,tm408218,Jeremy Madden,Farnsworth,ACTOR
810972,tm408218,Jon Donahue,Al,ACTOR
91761,tm408218,Aaron Schneider,,DIRECTOR
308513,ts237817,Niv Sultan,Tamar Rabinyan,ACTOR
595281,ts237817,Shaun Toub,Faraz Kamali,ACTOR
795056,ts237817,Shervin Alenabi,Milad,ACTOR
20488,ts237817,Glenn Close,Marjan Montazeri,ACTOR
118880,ts237817,Darius Homayoun,Peyman Mohammadi,ACTOR
268834,ts81913,Elisa Schlott,Marie Kastner,ACTOR
2161150,ts81913,Reomy D. Mpeho,George Washington,ACTOR
263010,ts81913,Franziska Brandmeier,Erika Strumm,ACTOR
114120,ts81913,Anna Schudt,Anneliese Strumm,ACTOR
8977,ts81913,Dietmar Bär,Friedrich Strumm,ACTOR
114147,ts81913,Julia Koschitz,Amy McCoy,ACTOR
91923,ts81913,Jonas Nay,Siegfried Strumm,ACTOR
2160352,ts81913,Jared Lorenzo,Moses Shepard,ACTOR
23651,ts81913,Philippe Brenninkmeyer,Colonel Jim McCoy,ACTOR
594,ts81913,Winnie Böwe,Luise Kastner,ACTOR
590324,ts81913,Aljoscha Stadelmann,,ACTOR
1026553,ts81913,Paul Sundheim,,ACTOR
41223,ts81913,Samuel Finzi,,ACTOR
290552,ts81913,Artjom Gilz,Bill Meadow,ACTOR
163176,ts81913,Tim Kalkhof,Hoskins,ACTOR
2047073,ts81913,Kelvin Kilonzo,,ACTOR
156147,ts81913,Piet Fuchs,Pfarrer Schäfer,ACTOR
590052,ts81913,Nina Gummich,,ACTOR
589280,ts81913,Godehard Giese,,ACTOR
230582,ts81913,Dror Zahavi,,DIRECTOR
5083,ts285617,Rafe Spall,Jason,ACTOR
97069,ts285617,Esther Smith,Nikki,ACTOR
4830,ts285617,Imelda Staunton,Penny,ACTOR
2154,ts285617,Ophelia Lovibond,Erica,ACTOR
86897,ts285617,Oliver Chris,Freddy,ACTOR
3893,ts317072,Hailee Steinfeld,Emily Dickinson,ACTOR
10535,ts317072,Toby Huss,Edward Dickinson,ACTOR
634180,ts317072,Adrian Enscoe,Austin Dickinson,ACTOR
609068,ts317072,Anna Baryshnikov,Lavinia 'Vinnie' Dickinson,ACTOR
19248,ts317072,Ella Hunt,Sue Gilbert,ACTOR
18499,ts317072,Amanda Warren,Betty,ACTOR
602767,ts317072,Chinaza Uche,Henry,ACTOR
2324,ts317072,Jane Krakowski,Mrs. Dickinson,ACTOR
1843,ts89301,Chris Evans,Andy Barber,ACTOR
9910,ts89301,Michelle Dockery,Laurie Barber,ACTOR
4399,ts89301,Jaeden Martell,Jacob Barber,ACTOR
16016,ts89301,Cherry Jones,Joanna Klein,ACTOR
769625,ts89301,Jordan Alexa Davis,Sarah Grohl,ACTOR
22780,ts89301,Pablo Schreiber,Neal Logiudice,ACTOR
249079,ts89301,Betty Gabriel,Pam Duffy,ACTOR
85124,ts89301,Sakina Jaffrey,Lynn Canavan,ACTOR
160734,ts89301,Ben Taylor,Derek Yoo,ACTOR
15421,ts89301,Daniel Henshall,Leonard Patz,ACTOR
2320,ts112498,Josh Gad,Birdie (voice),ACTOR
91858,ts112498,Leslie Odom Jr.,Owen (voice),ACTOR
85968,ts112498,Tituss Burgess,Cole (voice),ACTOR
230506,ts112498,Daveed Diggs,Helen (voice),ACTOR
2167,ts112498,Kathryn Hahn,Paige (voice),ACTOR
1764,ts112498,Stanley Tucci,Bitsy (voice),ACTOR
674023,ts224872,Corey Reeser,,ACTOR
1423336,ts224872,Matt Tynauer,,ACTOR
594933,ts128408,Brooklynn Prince,Hilde Lisko,ACTOR
5196,ts128408,Jim Sturgess,Matt Lisko,ACTOR
269455,ts128408,Abby Miller,Bridget Jensen,ACTOR
30031,ts128408,Kylie Rogers,Izzy Lisko,ACTOR
15109,ts128408,Michael Weston,"Lt. Frank Briggs, Jr.",ACTOR
1360186,ts128408,Aziza Scott,Deputy Mackenzie ‘Trip’ Johnson III,ACTOR
85192,ts128408,Joelle Carter,Principal Kim Collins,ACTOR
11328,ts128408,Louis Herthum,"Sheriff Frank Briggs, Sr.",ACTOR
23613,ts128408,Adrian Hough,Mayor Jack Fife,ACTOR
873359,ts128408,Jibrail Nantambu,Donny Davis,ACTOR
594894,ts128408,Deric McCabe,Wesley ‘Spoon’ Witherspoon,ACTOR
2506153,ts222361,Princess K. Mapp,Nia,ACTOR
2506179,ts222361,Nour Assaf,Samir,ACTOR
2506141,ts222361,Daire McLeod,Charlie,ACTOR
13240,tm916249,Werner Herzog,Self - Narrator,ACTOR
232559,tm916249,Clive Oppenheimer,Self,ACTOR
232559,tm916249,Clive Oppenheimer,,DIRECTOR
13240,tm916249,Werner Herzog,,DIRECTOR
20327,tm314230,Honor Kneafsey,Robyn Goodfellowe (voice),ACTOR
1582873,tm314230,Eva Whittaker,Mebh MacTíre (voice),ACTOR
2323,tm314230,Sean Bean,Bill Goodfellowe (voice),ACTOR
3461,tm314230,Simon McBurney,Lord Protector Cromwell (voice),ACTOR
63575,tm314230,Tommy Tiernan,Sean Óg (voice),ACTOR
96095,tm314230,Jon Kenny,Stringy Woodcutter (voice),ACTOR
369918,tm314230,John Morton,Stumpy Woodcutter (voice),ACTOR
29953,tm314230,Maria Doyle Kennedy,Moll MacTíre (voice),ACTOR
1621843,tm314230,Oliver McGrath,Padraig (voice),ACTOR
861549,tm314230,Niamh Moyles,Fishmonger (voice),ACTOR
53069,tm314230,Nora Twomey,Bridget (voice),ACTOR
669873,tm314230,Paul Young,Sheep Farmer (voice),ACTOR
1862248,tm314230,Lana Ropion,,ACTOR
53068,tm314230,Tomm Moore,,DIRECTOR
656595,tm314230,Ross Stewart,,DIRECTOR
66286,tm850365,Michael Diamond,Self,ACTOR
16671,tm850365,Adam Horovitz,Self,ACTOR
197145,tm850365,Adam Yauch,Self (archive footage),ACTOR
8709,tm850365,Ben Stiller,Self,ACTOR
5145,tm850365,Steve Buscemi,Self,ACTOR
1309,tm850365,David Cross,Self,ACTOR
8641,tm850365,Michael Kenneth Williams,Self,ACTOR
211607,tm850365,Afrika Bambaataa,Self (archive footage),ACTOR
2497067,tm850365,John Berry,Self (archive footage),ACTOR
456627,tm850365,Kurtis Blow,Self (archive footage),ACTOR
34893,tm850365,Dick Clark,Self (archive footage),ACTOR
221806,tm850365,Don Cornelius,Self (archive footage),ACTOR
439844,tm850365,Adam Curry,Self (archive footage),ACTOR
112693,tm850365,Tenzin Gyatso,Self (archive footage),ACTOR
2496996,tm850365,Matt Dike,Self (archive footage),ACTOR
6330,tm850365,Karen Duffy,Self (archive footage),ACTOR
2497041,tm850365,E.Z. Mike,Self (archive footage),ACTOR
2497197,tm850365,King Gizmo,Self (archive footage),ACTOR
2497111,tm850365,Luscious Jackson,Self (archive footage),ACTOR
4096,tm850365,Spike Jonze,Self (voice),ACTOR
43253,tm850365,Kurt Loder,Self (archive footage),ACTOR
15005,tm850365,Madonna,Self (archive footage),ACTOR
58762,tm850365,Money Mark,Self (archive footage),ACTOR
14328,tm850365,Joan Rivers,Self (archive footage),ACTOR
74731,tm850365,Rick Rubin,Self (archive footage),ACTOR
1637582,tm850365,Kate Schellenbach,Self (archive footage),ACTOR
65454,tm850365,Russell Simmons,Self (archive footage),ACTOR
28152,tm850365,Michael Stipe,Self (archive footage),ACTOR
1159029,tm850365,Brian Williams,Self (archive footage),ACTOR
937046,tm850365,E.A. Rockwell,Self (archive footage),ACTOR
4096,tm850365,Spike Jonze,,DIRECTOR
733,ts251860,Ewan McGregor,Self,ACTOR
100262,ts251860,Charley Boorman,Self,ACTOR
103160,ts251860,Russ Malkin,Self,ACTOR
32095,ts251860,David Alexanian,Self,ACTOR
714464,ts251860,Claudio von Planta,Self,ACTOR
21715,tm861785,Rashida Jones,Laura,ACTOR
1676,tm861785,Bill Murray,Felix,ACTOR
12202,tm861785,Marlon Wayans,Dean,ACTOR
32355,tm861785,Jessica Henwick,Fiona,ACTOR
1942,tm861785,Jenny Slate,Vanessa,ACTOR
1602963,tm861785,Liyanna Muscat,Maya,ACTOR
784549,tm861785,Alexandra  Mary Reimer,Theo,ACTOR
784550,tm861785,Anna Reimer,Theo,ACTOR
990,tm861785,Barbara Bain,Gran,ACTOR
1044526,tm861785,Juliana Canfield,Amanda,ACTOR
1602965,tm861785,Alva Chinn,Diane,ACTOR
69094,tm861785,Mike Keller,Officer O'Callaghan,ACTOR
291075,tm861785,Musto Pelinkovicci,Musto,ACTOR
836233,tm861785,Zora Casebere,Babysitter 1,ACTOR
30969,tm861785,Melissa Errico,Music Teacher,ACTOR
1602622,tm861785,Zoe Bullock,Jenna,ACTOR
1216166,tm861785,Chase Sui Wonders,Chase,ACTOR
254615,tm861785,Elizabeth Guindi,Carla,ACTOR
94824,tm861785,Jules Willcox,Mom,ACTOR
1560062,tm861785,Ximena Lamadrid,Mandy,ACTOR
24066,tm861785,Kelly Lynch,Blonde,ACTOR
357065,tm861785,Earl Rose,Piano Player,ACTOR
1602945,tm861785,Catherine G. Blair,Cocktail Party Guest 1,ACTOR
1602947,tm861785,Anne Goldrach,Cocktail Party Guest 2,ACTOR
458141,tm861785,Waltrudis Buck,Lady 1,ACTOR
1020999,tm861785,Nancy Ozelli,Lady 2,ACTOR
1012058,tm861785,Chris Cenatiempo,Police Officer 2,ACTOR
49179,tm861785,Cliff Samara,Security Attendant,ACTOR
23089,tm861785,Natia Dune,Waitress,ACTOR
40285,tm861785,Nadia Dajani,Kelly,ACTOR
1602953,tm861785,Spice Greene,Host,ACTOR
1074081,tm861785,Grayson Eddey,Milo,ACTOR
1602955,tm861785,Charlotte D'Alessio,Model Mom,ACTOR
282652,tm861785,Kim Hill,Mom at School,ACTOR
973846,tm861785,Evangeline Young,Miss Mindy,ACTOR
1602979,tm861785,John Tropea,Guitar Player,ACTOR
4921,tm861785,Sofia Coppola,,DIRECTOR
1575605,tm845534,Ben Feinstein,Self,ACTOR
1575604,tm845534,Steven Garza,Self,ACTOR
1575698,tm845534,Robert MacDougall,Self,ACTOR
1575603,tm845534,René Otero,Self,ACTOR
2422016,tm845534,Eddy Proietti Conti,Self,ACTOR
111694,tm845534,Jesse Moss,,DIRECTOR
111693,tm845534,Amanda McBaine,,DIRECTOR
1112,ts252837,Paul Rudd,Narrator,ACTOR
24251,ts221425,Oprah Winfrey,Self - Host,ACTOR
883089,ts223910,Janet Mock,Narrator (voice),ACTOR
8660,ts223910,Margaret Cho,Narrator (voice),ACTOR
649882,ts223910,Asia Kate Dillon,Narrator (voice),ACTOR
13622,ts223910,Neil Patrick Harris,Narrator (voice),ACTOR
24188,ts223910,Lena Waithe,Narrator (voice),ACTOR
11463,ts223910,Wanda Sykes,Self,ACTOR
49889,ts223910,Billy Porter,Self,ACTOR
32614,ts223910,Joey Soloway,Self,ACTOR
83357,ts223910,Laverne Cox,Self,ACTOR
256868,ts223910,Michaela Jaé Rodriguez,Self,ACTOR
24251,ts223910,Oprah Winfrey,Self,ACTOR
24843,ts223910,Ellen DeGeneres,Self,ACTOR
52845,ts223910,Wilson Cruz,Self,ACTOR
93087,ts223910,Abbi Jacobson,Self,ACTOR
2497,ts223910,Anderson Cooper,Self,ACTOR
6014,ts223910,Jonathan Groff,Self,ACTOR
85457,ts223910,Sara Ramirez,Self,ACTOR
14392,ts223910,Caitlyn Jenner,Self,ACTOR
77406,ts223910,Ilana Glazer,Self,ACTOR
66846,ts223910,Rufus Wainwright,Self,ACTOR
104209,ts223910,Rachel Maddow,Self,ACTOR
176459,ts223910,Adam Lambert,Self,ACTOR
91511,ts223910,Andy Cohen,Self,ACTOR
92872,ts223910,Tim Gunn,Self,ACTOR
98339,ts223910,Candis Cayne,Self,ACTOR
76451,ts223910,Don Lemon,Self,ACTOR
84720,ts223910,Jesse Tyler Ferguson,Self,ACTOR
18175,ts223910,Ryan Phillippe,Self,ACTOR
12881,ts223910,George Takei,Self,ACTOR
7238,ts223910,Michael Douglas,Self,ACTOR
44398,ts223910,Lena Dunham,Self,ACTOR
66152,ts223910,Norman Lear,Self,ACTOR
192099,ts223910,Miss Major Griffin-Gracy,Self,ACTOR
10362,ts223910,Dustin Lance Black,Self,ACTOR
558697,ts223910,Robert Benevides,Self,ACTOR
1164249,ts223910,Bob LaHendro,Self,ACTOR
98428,ts223910,Armistead Maupin,Self,ACTOR
1295668,ts223910,Richard Socarides,Self,ACTOR
34161,ts237884,Ayelet Zurer,Alice,ACTOR
305966,ts237884,Lihi Kornowski,Sophie,ACTOR
239730,ts237884,Gal Toren,David,ACTOR
279918,ts237884,Yossi Marshek,Tamir,ACTOR
89016,ts237884,Shai Avivi,Ami,ACTOR
36345,ts237884,Iris Bahr,Rita,ACTOR
977570,ts237884,Sigal Avin,,DIRECTOR
24251,ts251727,Oprah Winfrey,Self - Host,ACTOR
82092,ts236744,Karen Prell,Red Fraggle,ACTOR
109159,ts236744,John Tartaglia,Gobo Fraggle,ACTOR
4781,ts236744,Donna Kimball,Mokey Fraggle,ACTOR
15758,ts236744,Dave Goelz,Boober Fraggle / Travelling Matt (voice),ACTOR
652275,ts236744,Frankie Cordero,Wembley Fraggle (voice),ACTOR
677274,tm446414,Geraldine Viswanathan,Hala Masood,ACTOR
32761,tm446414,Jack Kilmer,Jesse Ross,ACTOR
38496,tm446414,Gabriel Luna,Mr. Lawrence,ACTOR
347903,tm446414,Purbi Joshi,Eram Masood,ACTOR
187989,tm446414,Hatta Azad Khan,Zahid,ACTOR
21907,tm446414,Anna Chlumsky,Shannon Taylor,ACTOR
172963,tm446414,Jimmy Chunga,Photographer,ACTOR
740055,tm446414,Taylor Marie Blim,Melanie,ACTOR
813809,tm446414,Charin Alvarez,Principal,ACTOR
245317,tm446414,Minhal Baig,,DIRECTOR
2134,ts255160,Tom Hiddleston,Narrator (voice),ACTOR
22153,ts256068,James Sie,Stillwater (voice),ACTOR
1636748,ts256068,Eva Binder,Addy (voice),ACTOR
997329,ts256068,Tucker Chandler,Michael (voice),ACTOR
1274018,ts256068,Judah Mackey,Karl (voice),ACTOR
610006,ts109866,Brittany O'Grady,Bess King,ACTOR
1456556,ts109866,Kevin Valdez,Louie,ACTOR
759343,ts109866,Shalini Bathina,Prisha,ACTOR
76209,ts109866,Sean Teale,Ethan,ACTOR
813627,ts109866,Colton Ryan,Samuel,ACTOR
1154007,ts109866,Phillip Johnson Richardson,Benny,ACTOR
714214,ts216684,Hattie Kragten,Sally (voice),ACTOR
113461,ts216684,Terry McGurrin,Snoopy (voice),ACTOR
11394,ts216684,Rob Tinkler,Woodstock (voice),ACTOR
605378,ts216684,Seán Cullen,Bird Bud 1 (voice),ACTOR
84283,ts216684,Julie Lemieux,Bird Bud 2 (voice),ACTOR
140544,ts216684,Nicole Byer,C.A.R.A. (voice),ACTOR
1759774,ts216684,Tyler James Nathan,Charlie Brown (voice),ACTOR
1488854,ts216684,Christian Dal Dosso,Franklin (voice),ACTOR
1488856,ts216684,Holly Gorski,Marcie (voice),ACTOR
1129452,ts216684,Isabella Leo,Lucy (voice),ACTOR
1488855,ts216684,Isis Moore,Peppermint Patty (voice),ACTOR
1129557,ts216684,Wyatt White,Linus (voice),ACTOR
746286,ts216684,David Berni,Bird Bud 3 (voice),ACTOR
7275,tm432274,Chiwetel Ejiofor,Narrator,ACTOR
940992,tm432274,Mark Deeble,,DIRECTOR
1383681,tm432274,Victoria Stone,,DIRECTOR
40115,tm940705,Bruce Springsteen,Self,ACTOR
140327,tm940705,Roy Bittan,Self,ACTOR
220299,tm940705,Nils Lofgren,Self,ACTOR
169597,tm940705,Patti Scialfa,Self,ACTOR
140328,tm940705,Garry Tallent,Self,ACTOR
85512,tm940705,Steven Van Zandt,Self,ACTOR
140329,tm940705,Max Weinberg,Self,ACTOR
1618016,tm940705,Charles Giordano,Self,ACTOR
1618007,tm940705,Jake Clemons,Self,ACTOR
3158,tm940705,Jon Landau,Self,ACTOR
175889,tm940705,Thom Zimny,,DIRECTOR
322,ts252865,Olivia Colman,Narrator,ACTOR
6716,tm850546,Meryl Streep,Narrator,ACTOR
2565,tm850546,Jacob Tremblay,Finn (voice),ACTOR
2144,tm850546,Chris O'Dowd,Finn's Dad (voice),ACTOR
595223,tm850546,Ruth Negga,Finn's Mum (voice),ACTOR
378136,tm850546,Rob Rackstraw,Crowd Voice (voice),ACTOR
376649,tm850546,Philip Hunt,,DIRECTOR
1423509,ts215388,Ingrid Hansen,Heart,ACTOR
45489,ts215388,Stephanie D'Abruzzo,Cody,ACTOR
45492,ts215388,Martin P. Robinson,Mr. Primm,ACTOR
109113,ts215388,Tim Lagasse,Scatter,ACTOR
271023,ts215388,Jennifer Barnhart,Jackie,ACTOR
64546,tm976396,Mariah Carey,Self,ACTOR
61867,tm976396,Ariana Grande,Self,ACTOR
23080,tm976396,Jennifer Hudson,Self,ACTOR
122224,tm976396,Tiffany Haddish,Self,ACTOR
16207,tm976396,Billy Eichner,Self,ACTOR
3911,tm976396,Snoop Dogg,Self,ACTOR
427813,tm976396,Jermaine Dupri,Self,ACTOR
39451,tm976396,Misty Copeland,Self,ACTOR
751620,tm976396,Mykal-Michelle Harris,Self,ACTOR
1678399,tm976396,Moroccan Cannon,Self,ACTOR
1678380,tm976396,Monroe Cannon,Self,ACTOR
97983,tm976396,Millie Bobby Brown,Self,ACTOR
22720,tm976396,Roman Coppola,,DIRECTOR
116280,tm976396,Hamish Hamilton,,DIRECTOR
6557,tm824584,Bryce Dallas Howard,Herself,ACTOR
1324,tm824584,Ron Howard,Himself,ACTOR
8555,tm824584,Judd Apatow,Himself,ACTOR
11615,tm824584,Jimmy Fallon,Himself,ACTOR
27645,tm824584,Andy Griffith,Himself (archive footage),ACTOR
13622,tm824584,Neil Patrick Harris,Himself,ACTOR
4889,tm824584,Ken Jeong,Himself,ACTOR
3835,tm824584,Jimmy Kimmel,Himself,ACTOR
355190,tm824584,Hasan Minhaj,Himself,ACTOR
19065,tm824584,Conan O'Brien,Himself,ACTOR
7546,tm824584,Patton Oswalt,Himself,ACTOR
1268603,tm824584,Thiago Queiroz,Himself,ACTOR
4696,tm824584,Will Smith,Himself,ACTOR
36230,tm824584,Kenan Thompson,Himself,ACTOR
6557,tm824584,Bryce Dallas Howard,,DIRECTOR
4614,tm679434,Jeff Goldblum,Himself,ACTOR
1324,tm679434,Ron Howard,Himself,ACTOR
33029,tm679434,Sean Cullen,Peppy Announcer,ACTOR
1129452,tm679434,Isabella Leo,Lucy (voice),ACTOR
113461,tm679434,Terry McGurrin,Snoopy (voice),ACTOR
123587,tm679434,Ethan Pugiotto,Charlie Brown (voice),ACTOR
1129557,tm679434,Wyatt White,Linus (voice),ACTOR
55874,tm679434,Morgan Neville,,DIRECTOR
24251,ts235703,Oprah Winfrey,Herself - Host,ACTOR
5735,ts320458,Adam Scott,Mark Scout,ACTOR
95726,ts320458,Britt Lower,Helly Riggs,ACTOR
708012,ts320458,Zach Cherry,Dylan George,ACTOR
880490,ts320458,Tramell Tillman,Seth Milchick,ACTOR
248384,ts320458,Jen Tullock,Devon,ACTOR
92156,ts320458,Dichen Lachman,Ms. Casey,ACTOR
6357,ts320458,Michael Chernus,Ricken Hale,ACTOR
4569,ts320458,John Turturro,Irving Bailiff,ACTOR
1679,ts320458,Christopher Walken,Burt Goodman,ACTOR
10122,ts320458,Patricia Arquette,Harmony Cobel,ACTOR
3269,ts131317,Gary Oldman,Jackson Lamb,ACTOR
77931,ts131317,Jack Lowden,River Cartwright,ACTOR
10812,ts131317,Kristin Scott Thomas,Diana Taverner,ACTOR
4249,ts343661,Taron Egerton,James 'Jimmy' Keene,ACTOR
930676,ts343661,Paul Walter Hauser,Larry Hall,ACTOR
5313,ts343661,Ray Liotta,James 'Big Jim' Keene,ACTOR
14049,ts343661,Greg Kinnear,Brian Miller,ACTOR
227065,ts343661,Sepideh Moafi,Lauren McCauley,ACTOR
2441766,ts343661,Laney Stiebing,,ACTOR
6263,ts343661,Robert Wisdom,Edmund Beaumont,ACTOR
70590,ts313110,Sharon Horgan,Eva Garvey,ACTOR
8105,ts313110,Anne-Marie Duff,Grace Williams,ACTOR
51014,ts313110,Eva Birthistle,Ursula Flynn,ACTOR
5391,ts313110,Sarah Greene,Bibi Garvey,ACTOR
2736,ts313110,Eve Hewson,Becka Garvey,ACTOR
178648,ts313110,Claes Bang,John Paul Williams,ACTOR
7005,ts313110,Brian Gleeson,Thomas Claffin,ACTOR
897857,ts313110,Daryl McCormack,Matt Claffin,ACTOR
1243927,ts313110,Saise Ní Chuinn,Blanaid Williams,ACTOR
669828,ts313110,Rebecca Gatward,,DIRECTOR
57882,ts313110,Dearbhla Walsh,,DIRECTOR
98134,ts313110,Josephine Bornebusch,,DIRECTOR
1756,tm994841,Jennifer Lawrence,Lynsey,ACTOR
229783,tm994841,Brian Tyree Henry,James,ACTOR
15740,tm994841,Linda Emond,Gloria,ACTOR
96730,tm994841,Jayne Houdyshell,Sharon,ACTOR
19743,tm994841,Stephen McKinley Henderson,Dr. Lucas,ACTOR
343442,tm994841,Russell Harvard,Justin,ACTOR
195604,tm994841,Sean Carvajal,Santiago,ACTOR
589937,tm994841,Frederick Weller,Rick,ACTOR
133043,tm994841,Will Pullen,Bro,ACTOR
3364,tm994841,Neal Huff,Neuropsychologist,ACTOR
232246,tm994841,Danny Wolohan,Jim,ACTOR
9125,tm994841,Han Soto,Physiotherapist,ACTOR
2585600,tm994841,Natalie Pilie,Physiotherapist,ACTOR
2585627,tm994841,Suzette Stuebben,Bartender,ACTOR
1093547,tm994841,Lila Neugebauer,,DIRECTOR
4518,ts297165,Jared Harris,Hari Seldon,ACTOR
1273703,ts297165,Lou Llobell,Gaal Dornick,ACTOR
20047,ts297165,Lee Pace,Brother Day,ACTOR
638933,ts297165,Leah Harvey,Salvor Hardin,ACTOR
38835,ts297165,Laura Birn,Demerzel,ACTOR
105600,ts297165,Terrence Mann,Brother Dusk,ACTOR
1273702,ts297165,Cassian Bilton,Brother Dawn,ACTOR
2694,ts251336,Luke Evans,Alex 'Bambi' Chesborough,ACTOR
32353,ts251336,Michiel Huisman,Eric 'Prince' Haas,ACTOR
78678,ts251336,Jessica Collins,Amber Chesborough,ACTOR
1280989,ts251336,James Udom,Mitch,ACTOR
196488,ts251336,Elizabeth Anweis,Natalie Foster,ACTOR
202311,ts251336,Martina Gusman,Violetta Cadiz,ACTOR
32887,tm983754,Emilia Jones,Ruby Rossi,ACTOR
56062,tm983754,Marlee Matlin,Jackie Rossi,ACTOR
81563,tm983754,Troy Kotsur,Frank Rossi,ACTOR
17330,tm983754,Eugenio Derbez,Bernardo Villalobos,ACTOR
110682,tm983754,Ferdia Walsh-Peelo,Miles,ACTOR
1351842,tm983754,Daniel Durant,Leo Rossi,ACTOR
37508,tm983754,Amy Forsyth,Gertie,ACTOR
6694,tm983754,Kevin Chapman,Brady,ACTOR
79816,tm983754,John Fiore,Tony Salgado,ACTOR
5741,tm983754,Lonnie Farmer,Arthur,ACTOR
838084,tm983754,Courtland Jones,Ms. Simon,ACTOR
2030434,tm983754,Molly Beth Thomas,Audra,ACTOR
1360723,tm983754,Ayana Brown,Guidance Counselor,ACTOR
1156616,tm983754,Jason Pugatch,Doctor,ACTOR
2030824,tm983754,Kyana Fanene,Riff Girl,ACTOR
2030579,tm983754,Anilee List,Adele Girl,ACTOR
2030627,tm983754,Stone Martin,Harry Potter Boy,ACTOR
2030253,tm983754,Maeve Chapman,Shaker Girl,ACTOR
2030561,tm983754,Stephen Caliskan,Tall Boy,ACTOR
2030538,tm983754,Amanda Bradshaw,Shy Girl,ACTOR
2030765,tm983754,Bryan Sabbag,Broadway Boy,ACTOR
786767,tm983754,Kayla Caulfield,Off Key Girl,ACTOR
2030190,tm983754,Samidio DePina,Suave Boy,ACTOR
1572751,tm983754,Dominic Andersen,Bass Boy,ACTOR
715645,tm983754,Jose Guns Alves,Mondo,ACTOR
3798,tm983754,Owen Burke,Jimmy,ACTOR
852928,tm983754,Mark Pettograsso,Bar Bully,ACTOR
646567,tm983754,Tony Viveiros,Bartender,ACTOR
4148,tm983754,Armen Garo,Gio Salgado,ACTOR
2030463,tm983754,Jared Voss,John Kaufman,ACTOR
1680405,tm983754,Emilia Faucher,Misha,ACTOR
807840,tm983754,Marilyn Busch,Nina,ACTOR
14425,tm983754,Melissa McMeekin,Barb,ACTOR
5236,tm983754,Erica McDermott,Angela,ACTOR
300149,tm983754,Garrett McKechnie,Chet Turner,ACTOR
1407577,tm983754,Rebecca Gibel,Joanne Biles,ACTOR
2030819,tm983754,TJ Ciarametaro,Coast Guard Boarding Officer,ACTOR
3298,tm983754,Gary Galone,Coast Guard Officer,ACTOR
2030578,tm983754,Nikki Kim,Monitor #1,ACTOR
2030456,tm983754,Mary Ann Schaub,Monitor #2,ACTOR
2030273,tm983754,Cassandra Berta,Vocalist,ACTOR
2030553,tm983754,Sarah Clarke,Tanya,ACTOR
821631,tm983754,Rena Maliszewski,Female Jury Member,ACTOR
30788,tm983754,David Newsom,Male Jury Member,ACTOR
1680042,tm983754,Kiara Pichardo,Cashier (uncredited),ACTOR
886549,tm983754,Pamela Jayne Morgan,Shopper Woman (uncredited),ACTOR
2231044,tm983754,Elbert Kim,Jackie Rossi's Attorney (uncredited),ACTOR
2697327,tm983754,Dominic Cannarella-Andersen,Bass Boy,ACTOR
232251,tm983754,Siân Heder,,DIRECTOR
1845532,tm1264797,Jude Coward Nicoll,The Boy (voice),ACTOR
321,tm1264797,Tom Hollander,The Mole (voice),ACTOR
1675,tm1264797,Idris Elba,The Fox (voice),ACTOR
15100,tm1264797,Gabriel Byrne,The Horse (voice),ACTOR
2559015,tm1264797,Peter Baynton,,DIRECTOR
2559063,tm1264797,Charlie Mackesy,,DIRECTOR
54511,ts106816,Youn Yuh-jung,Older Sunja,ACTOR
1515964,ts106816,Kim Min-ha,Teen Sunja,ACTOR
95703,ts106816,Lee Min-ho ,Hansu,ACTOR
938051,ts106816,Jin Ha,Solomon,ACTOR
375466,ts106816,Soji Arai,Mozasu,ACTOR
2225390,ts106816,Jeong In-ji,Yangjin,ACTOR
793115,ts106816,Noh Sang-hyun,Isak,ACTOR
177944,ts106816,Jung Eun-chae,Young Kyunghee,ACTOR
701951,ts106816,Kaho Minami,Etsuko,ACTOR
20621,ts106816,Anna Sawai,Naomi,ACTOR
15480,ts106816,Jimmi Simpson,Tom Andrews,ACTOR
1509436,ts106816,Han Jun-woo,Yoseb,ACTOR
28394,ts221142,Justin Theroux,Allie Fox,ACTOR
30553,ts221142,Melissa George,Margot Fox,ACTOR
269114,ts221142,Logan Polish,Dina Fox,ACTOR
4030,ts221142,Gabriel Bateman,Charlie Fox,ACTOR
591939,ts221142,Natalia Cordova-Buckley,Isela,ACTOR
18329,ts221142,Daniel Raymont,Guillermo Bautista,ACTOR
4495,ts221142,Ian Hart,Bill Lee,ACTOR
76823,ts221142,Ariyon Bakare,Richard Beaumont,ACTOR
8013,ts200606,Charlie Hunnam,Dale Conti/Lin Ford,ACTOR
275410,ts200606,Shubham Saraf,Prabaker 'Prabhu' Kharre,ACTOR
805080,ts200606,Antonia Desplat,Karla Saaranen,ACTOR
1578784,ts200606,Elektra Jansson-Kilbey,Lisa Carter,ACTOR
234899,ts200606,Fayssal Bazzi,Abdullah Taheri,ACTOR
80636,ts200606,Elham Ehsas,Sebastian Modena,ACTOR
1219535,ts200606,Sujaya Dasgupta,Kavita Singh,ACTOR
1443415,ts200606,Rachel Kamath,Parvati,ACTOR
15818,ts200606,Alexander Siddig,Khader Khan,ACTOR
2931,ts238623,Jared Leto,Adam Neumann,ACTOR
1692,ts238623,Anne Hathaway,Rebekah Neumann,ACTOR
845534,ts238623,Kyle Marvin,Miguel McKelvey,ACTOR
11691,ts346042,Maya Rudolph,Molly Wells / Molly Novak,ACTOR
256868,ts346042,Michaela Jaé Rodriguez,Sofia Salinas,ACTOR
595040,ts346042,Nat Faxon,Arthur,ACTOR
1169809,ts346042,Joel Kim Booster,Nicholas,ACTOR
89697,ts346042,Ron Funches,Howard,ACTOR
27120,ts346042,Meagen Fay,Rhonda,ACTOR
1099140,ts346042,Stephanie Styles,Ainsley,ACTOR
16441,ts346042,Miguel Arteta,,DIRECTOR
23972,ts288676,Jon Stewart,Self - Host,ACTOR
122224,ts251564,Tiffany Haddish,Detective Danner,ACTOR
78325,ts251564,Sam Richardson,Aniq,ACTOR
257927,ts251564,Zoë Chao,Zoe,ACTOR
6221,ts251564,Ben Schwartz,Yasper,ACTOR
41055,ts251564,Ike Barinholtz,Brett,ACTOR
77406,ts251564,Ilana Glazer,Chelsea,ACTOR
7893,ts251564,Dave Franco,Xavier,ACTOR
121379,ts251564,Jamie Demetriou,Walt,ACTOR
232374,ts251564,John Early,Detective Culp,ACTOR
17075,ts251564,Genevieve Angelson,Indigo,ACTOR
2170,ts224998,Keegan-Michael Key,Josh Skinner,ACTOR
4478,ts224998,Cecily Strong,Melissa Gimble,ACTOR
15921,ts224998,Fred Armisen,Reverend Howard Layton,ACTOR
24930,ts224998,Dove Cameron,Betsy McDonough,ACTOR
4330,ts224998,Jaime Camil,Doc Jorge Lopez,ACTOR
2235,ts224998,Kristin Chenoweth,Mildred Layton,ACTOR
17287,ts224998,Alan Cumming,Mayor Aloysius Menlove,ACTOR
1038027,ts224998,Ariana DeBose,Emma Tate,ACTOR
94892,ts224998,Ann Harada,Florence Menlove,ACTOR
2324,ts224998,Jane Krakowski,The Countess,ACTOR
19088,ts224998,Aaron Tveit,Danny Bailey,ACTOR
17330,ts309881,Eugenio Derbez,Máximo Gallardo,ACTOR
669585,ts309881,Enrique Arrizon,Máximo Gallardo (Young),ACTOR
109319,ts309881,Raphael Alejandro,Hugo,ACTOR
787808,ts309881,Camila Perez,Julia,ACTOR
45485,ts309881,Chord Overstreet,Chad,ACTOR
2068427,ts309881,Fernando Carsa,Memo,ACTOR
6074,ts309881,Jessica Collins,Diane,ACTOR
26288,ts309881,Vanessa Bauche,Nora,ACTOR
2069764,ts309881,Regina Reynoso,Sara,ACTOR
102352,ts309881,Rafael Cebrian,Hector,ACTOR
1125930,ts309881,Bianca Marroquín,Older Sara,ACTOR
1409386,ts309881,Regina Orozco,Lupe,ACTOR
126262,ts309881,Gabriela Milla,Isabel,ACTOR
11203,ts253142,Vera Farmiga,Dr. Anna Pou,ACTOR
16016,ts253142,Cherry Jones,Susan Mulderick,ACTOR
276699,ts253142,"Cornelius Smith, Jr.",Dr. Bryant King,ACTOR
4733,ts253142,Robert Pine,Dr. Horace Baltz,ACTOR
33502,ts253142,Adepero Oduye,Karen Wynn,ACTOR
25827,ts253142,Julie Ann Emery,Diane Robichaux,ACTOR
2740,ts253142,Michael Gaston,Arthur 'Butch' Schafer,ACTOR
1922028,ts253142,Molly Hager,Virginia Rider,ACTOR
2657,ts253142,Carlton Cuse,,DIRECTOR
2612316,ts253142,John Ridley,,DIRECTOR
607106,ts253142,Wendey Stanzler,,DIRECTOR
12678,tm1187561,Zac Efron,John 'Chickie' Donohue,ACTOR
1574,tm1187561,Russell Crowe,Arthur Coates,ACTOR
239763,tm1187561,Kyle Allen,Bobby Pappas,ACTOR
1676,tm1187561,Bill Murray,The Colonel,ACTOR
76034,tm1187561,Jake Picking,Rick Duggan,ACTOR
1352873,tm1187561,Will Ropp,Kevin McLoone,ACTOR
989489,tm1187561,Archie Renaux,Tom Collins,ACTOR
250683,tm1187561,Ruby Ashbourne Serkis,Christine,ACTOR
1316416,tm1187561,Will Hochman,Tommy Minogue,ACTOR
2453872,tm1187561,Christopher Reed Brown,Noodle,ACTOR
2380,tm1187561,Joe Adler,Red,ACTOR
2454039,tm1187561,MacGregor Arney,Brendan,ACTOR
1081545,tm1187561,Hal Cumpston,Leary,ACTOR
185595,tm1187561,Kristin Carey,Mrs. Minogue,ACTOR
16557,tm1187561,Paul Adelstein,Mr. Donohue,ACTOR
110781,tm1187561,Matt Cook,Lt. Habershaw,ACTOR
1463029,tm1187561,Shirleyann Kaladjian,Mrs. Donohue,ACTOR
397304,tm1187561,Kevin Tran,Hieu 'Oklahoma',ACTOR
2568773,tm1187561,Bob Farrelly,Baby-Face,ACTOR
2211125,tm1187561,Branden Lindsay,Jimmy Burns,ACTOR
2472690,tm1187561,Omari K. Chancellor,Erickson,ACTOR
2747720,tm1187561,Carlos Arroyo,Sgt. Major Perez,ACTOR
2396581,tm1187561,Kelvin Delgado,Gines,ACTOR
2747566,tm1187561,Thomas Jordan,Leasco,ACTOR
2747679,tm1187561,Phil Anthony Edwards,Duvall,ACTOR
7116,tm1187561,Thai-Hoa Le,Bartender Hien,ACTOR
102873,tm1187561,Deanna Russo,Correspondent Woelfel,ACTOR
2747591,tm1187561,James Laver,Correspondent Lewis,ACTOR
1517,tm1187561,Paul Sloan,CIA Agent,ACTOR
2747653,tm1187561,Nguyen Viet Anh,ARVN Interpreter,ACTOR
128900,tm1187561,Alex Huynh,Prisoner,ACTOR
1276754,tm1187561,Kevin J. Flynn,Seafarers Union Clerk,ACTOR
718770,tm1187561,Sean Gildea,Drake Captain Beauchene,ACTOR
727058,tm1187561,Goya Robles,Almeida,ACTOR
2747731,tm1187561,Bradley M. Hayes,Saigon MP,ACTOR
1995724,tm1187561,Brian Jarvis,Major Breuer,ACTOR
356227,tm1187561,Tim Hoffmann,Private Nolan,ACTOR
274868,tm1187561,Mike Hatton,Captain Dyer,ACTOR
2747641,tm1187561,Mike Gray,Lt. Fusco,ACTOR
2747714,tm1187561,Thomas Ronca,Cpl. Warner,ACTOR
3811,tm1187561,Steve Sweeney,Lt. Commander Washburn,ACTOR
2747599,tm1187561,Josefina Grajo Villanueva,Embassy Bureaucrat,ACTOR
58418,tm1187561,Jackie Flynn,Major Flynn,ACTOR
1722613,tm1187561,James Fahselt,Mason,ACTOR
810951,tm1187561,Anabel Graetz,Nanny,ACTOR
2747721,tm1187561,Ngo Hoang Long,Caravelle Porter,ACTOR
1301393,tm1187561,Lisa Rothschiller,Mrs. Collins,ACTOR
2468555,tm1187561,John Garrett Mahlmeister,LZ Jane Radio Operator,ACTOR
2710675,tm1187561,Michael Grant Selby,Jeep Soldier Soucy,ACTOR
718892,tm1187561,Terry Mullany,Jeep Soldier Hardcastle,ACTOR
2747753,tm1187561,Alex Winters,Long Binh Private,ACTOR
2747754,tm1187561,Malik Tyshawn Louis,Long Binh Fireman,ACTOR
2747564,tm1187561,Mata Toure,Medic Molloy,ACTOR
2747748,tm1187561,Finn Gesner,Cool Breeze,ACTOR
2747646,tm1187561,Apple Farrelly,Protester #1,ACTOR
2747732,tm1187561,Rory Gesner,Protester #2,ACTOR
2747704,tm1187561,Carlie Mantilla,Protester #3,ACTOR
2747576,tm1187561,Alicia Jordan,Protester #4,ACTOR
2747727,tm1187561,Tuck Gesner,Protester #5,ACTOR
924674,tm1187561,Henry Mortensen,Baby Killer Protester,ACTOR
1333941,tm1187561,Mariann Farrelly,Counter-Protester,ACTOR
2747580,tm1187561,Andrew Small,Parish Priest,ACTOR
14958,tm1187561,J.B. Rogers,Drake First Mate,ACTOR
2747657,tm1187561,Simeon Drew Young,Military Truck Driver,ACTOR
2747637,tm1187561,Maverick Kang Jr.,Helicopter Pilot Miosky,ACTOR
2747614,tm1187561,Le Minh Phuc,Saigon Cab Driver,ACTOR
1866743,tm1187561,Chananticha Chaipa,Little Girl,ACTOR
2747594,tm1187561,Nguyen Thi Thanh Thao,Vietnamese Mother,ACTOR
2747659,tm1187561,Duran Russell,Embassy Soldier,ACTOR
834936,tm1187561,Pedro Correa,PFC William Sebast,ACTOR
2747713,tm1187561,Jake Mooney,SPC Charles Daniels,ACTOR
2747633,tm1187561,Nguyen Van Vo,South Vietnam Field Force Officer,ACTOR
165699,tm1187561,Andrew J. Muscato,Long Binh Gate Guard,ACTOR
2747672,tm1187561,Thanawat Jhongfakklang,Grieving Saigon Father,ACTOR
2747750,tm1187561,Alexander Winters,Long Binh Private,ACTOR
2747680,tm1187561,Kelsea Edgerly,Protester (uncredited),ACTOR
1409827,tm1187561,Dennis W. Hall,Mr. Minogue (uncredited),ACTOR
2747616,tm1187561,Phil Korz,Bar Patron (uncredited),ACTOR
1542620,tm1187561,Caroline Plyler,Minogue Friend (uncredited),ACTOR
2747605,tm1187561,Mark Rome,Protester (uncredited),ACTOR
1544143,tm1187561,Rhett Sever,Mourner (uncredited),ACTOR
12543,tm1187561,Ron Smoorenburg,Soldier (uncredited),ACTOR
6341,tm1187561,Peter Farrelly,,DIRECTOR
67388,ts343868,David Attenborough,Self - Presenter,ACTOR
73433,ts343868,Adam Valdez,,DIRECTOR
353038,ts343868,Andrew R. Jones,,DIRECTOR
1069,tm1164256,Will Ferrell,Present,ACTOR
3280,tm1164256,Ryan Reynolds,Clint Briggs,ACTOR
1911,tm1164256,Octavia Spencer,Kimberly,ACTOR
118881,tm1164256,Patrick Page,Marley,ACTOR
194409,tm1164256,Sunita Mani,Past,ACTOR
2615351,tm1164256,Loren G. Woods,Yet-To-Come,ACTOR
8985,tm1164256,Tracy Morgan,Yet-To-Come (voice),ACTOR
894976,tm1164256,Joe Tippett,Owen,ACTOR
941088,tm1164256,Marlow Barkley,Wren / Young Carrie,ACTOR
4317,tm1164256,Aimee Carrero,Nora,ACTOR
83302,tm1164256,Andrea Anders,Carrie,ACTOR
248384,tm1164256,Jen Tullock,Wendy,ACTOR
92414,tm1164256,Adam Grupper,Mr. Bryan,ACTOR
11154,tm1164256,Rose Byrne,Ms. Blansky,ACTOR
2615275,tm1164256,Matt Cardenes,Neighbor Dad,ACTOR
2615137,tm1164256,Ava Bernstine,Neighbor Mom / Costume Ghost #1,ACTOR
2615326,tm1164256,Charlene Anders,Neighbor Girl,ACTOR
718204,tm1164256,Naheem Garcia,Harlan,ACTOR
81274,tm1164256,Jayme Rae Dailey,Security Ghost,ACTOR
1993107,tm1164256,Nico Tirozzi,Eight-Year-Old Clint,ACTOR
257258,tm1164256,Chloe Arnold,Senator,ACTOR
2619926,tm1164256,Ian Dolley,1800s London Boy,ACTOR
2619830,tm1164256,Alison Weller,1800s Street Vendor,ACTOR
2619940,tm1164256,Candi Marie,Zoe,ACTOR
1732224,tm1164256,Darrion Gallegos,Gabe,ACTOR
2128777,tm1164256,Woody Fu,Charlie,ACTOR
2044219,tm1164256,Maximilian Lee Piazza,Josh Hubbins,ACTOR
2619865,tm1164256,Martin Lee,Josh's Father,ACTOR
360761,tm1164256,Greg Swartz,Support Ghost,ACTOR
1448407,tm1164256,Maven Morgan,Present's Daughter,ACTOR
2619863,tm1164256,Giovanni Daniel Pollina,Present's Son,ACTOR
589137,tm1164256,P.J. Byrne,Mr. Alteli,ACTOR
2088874,tm1164256,Ai Shimatsu,Communications Ghost,ACTOR
2619679,tm1164256,Kameron Saunders,Headset Ghost,ACTOR
2619923,tm1164256,Sophia Algilani,Eight-Year-Old Wren,ACTOR
27437,tm1164256,Jeremy Hudson,1800s Bobby Cop,ACTOR
2619816,tm1164256,Jason Holley,1800s Carriage Driver,ACTOR
2619959,tm1164256,Sky Vaux Fuller,1800s Ragamuffin Girl,ACTOR
530704,tm1164256,Donyelle Denise Jones,1800s Woman in Line,ACTOR
82332,tm1164256,Daniel Silverberg,1800s Priest,ACTOR
2619808,tm1164256,Pamela Yasutake,1800s Bride,ACTOR
2476051,tm1164256,Will Thomas,1800s Groom / Elf Partygoer,ACTOR
2619889,tm1164256,Courtney Allen,1800s Scullery Maid,ACTOR
128031,tm1164256,Scott Myrick,1800s Pauper,ACTOR
1094867,tm1164256,Khadijah Wilson,1800s Proper Lady #1,ACTOR
669463,tm1164256,Martha Nichols,1800s Proper Lady #2,ACTOR
947994,tm1164256,Gavin Maddox Bergman,Oliver Twist,ACTOR
713990,tm1164256,Amanda Cleghorn,1800s Woman in Line,ACTOR
27469,tm1164256,Christina Glur,1800s Pub Woman,ACTOR
2619633,tm1164256,Kim Niemi,1800s Pub Waitress,ACTOR
2619949,tm1164256,Addison Sharp,Briggs Media Receptionist,ACTOR
2142980,tm1164256,Gaby Diaz,Spanish Ghost,ACTOR
1052729,tm1164256,Jeremy Landon Hays,1800s Showman,ACTOR
941963,tm1164256,Marcos Valles,Nora's Husband,ACTOR
180670,tm1164256,Kevin Craig West,Steve (Tree Grower),ACTOR
681830,tm1164256,Steve Gagliastro,Walter the Janitor,ACTOR
2475527,tm1164256,Kaitlynn Edgar,Reporter #1,ACTOR
2619713,tm1164256,Randi Freitas,Reporter #2,ACTOR
2619834,tm1164256,Jabu Graybeal,Randy,ACTOR
4964,tm1164256,Judi Dench,Dame Judi Dench,ACTOR
2619877,tm1164256,Elijah Carvalho,Nora's Son,ACTOR
2619922,tm1164256,Emelia Camille Harewood,Nora's Daughter,ACTOR
2619887,tm1164256,Amos Lee Hamrick III,Present's Fantasy Son #1,ACTOR
2619874,tm1164256,Josiah Amos Lee Hamrick,Present's Fantasy Son #2,ACTOR
2619642,tm1164256,Mauro DePasquale,Jazz Trio #1,ACTOR
2619687,tm1164256,Edward Conley,Jazz Trio #2,ACTOR
2619957,tm1164256,Philip Madison,Jazz Trio #3,ACTOR
2619621,tm1164256,Thomas P. Gillis,Old Clint,ACTOR
27463,tm1164256,Bianca Brewton,Ghost Research Assistant,ACTOR
2619748,tm1164256,Heather Sullivan,1800s Mother with Pram,ACTOR
2619813,tm1164256,Alexander M. Akerblom,1800s Aristocrat,ACTOR
2619935,tm1164256,James Grillo,1800s Pianist,ACTOR
638133,tm1164256,Billy Concha,1800s Fish and Chips Guy,ACTOR
2619821,tm1164256,Maraide Green,Coffee Ghost,ACTOR
2619829,tm1164256,Valerie Martin,NY Bystander,ACTOR
2619661,tm1164256,Cynthia Meng,Owen's Keyboardist,ACTOR
2619902,tm1164256,Alexandra Eckhardt,Owen's Bassist,ACTOR
257256,tm1164256,Maud Arnold,Ghost Executive,ACTOR
11615,tm1164256,Jimmy Fallon,Jimmy Fallon,ACTOR
2619751,tm1164256,Samuel Michael Oak Williams,Samuel Michael Oak Williams,ACTOR
2568934,tm1164256,Michael Ryan Palmer,Clint Double,ACTOR
1983842,tm1164256,Mike Devine,Clint Double,ACTOR
2353490,tm1164256,Alise Morales,Recruit Woman,ACTOR
2417714,tm1164256,Cheyenne Perez,Recruit Woman,ACTOR
1663534,tm1164256,Cody Brotter,Recruit Guy,ACTOR
1800585,tm1164256,Nate Jackson,Recruit Guy,ACTOR
1458785,tm1164256,Chau Long,Support Ghost,ACTOR
2712432,tm1164256,Greg Swartz,Support Ghost,ACTOR
2726319,tm1164256,Lily Sullivan,HR Ghost (Margo),ACTOR
1086,tm1164256,Sean Anders,,DIRECTOR
733,tm1180268,Ewan McGregor,Raymond,ACTOR
9303,tm1180268,Ethan Hawke,Ray,ACTOR
19532,tm1180268,Maribel Verdú,Lucia,ACTOR
9171,tm1180268,Sophie Okonedo,Kiera,ACTOR
8281,tm1180268,Vondie Curtis-Hall,Reverend West,ACTOR
12413,tm1180268,Todd Louiso,Canfield,ACTOR
23796,tm1180268,Tom Bower,Harris,ACTOR
973603,tm1180268,Maxim Swinton,Simon,ACTOR
33119,tm1180268,Chris Silcox,Leon,ACTOR
179711,tm1180268,Chris Grabher,Vincent,ACTOR
7606,tm1180268,Oscar Nunez,Mendez,ACTOR
1162699,tm1180268,Angie Campbell,Rose,ACTOR
1632325,tm1180268,Gina Jun,Jazz Club Member,ACTOR
1256527,tm1180268,Laura Linda Bradley,Cashier,ACTOR
1634707,tm1180268,Aaron Angus,Jazz Club Patron,ACTOR
2288441,tm1180268,Angela Deiss,Mendez's Wife,ACTOR
2288218,tm1180268,Jim Meisner Jr.,Funeral Home Manager,ACTOR
2288265,tm1180268,Mike Bailey,Jazz Club Patron,ACTOR
2288359,tm1180268,Lamont Gonzalez-Sierra,Jazz Club Patron,ACTOR
1005326,tm1180268,Lyeneal Griffin,Jonas,ACTOR
2538557,tm1180268,Marisol Correa,Mourner,ACTOR
52961,tm1180268,Rodrigo García,,DIRECTOR
5144,tm1255679,Selena Gomez,Self,ACTOR
1561071,tm1255679,Raquelle Stevens,Self,ACTOR
2592471,tm1255679,Ashley Cook,Self,ACTOR
35707,tm1255679,Alek Keshishian,,DIRECTOR
23953,ts251525,Elisabeth Moss,Kirby Mazrachi,ACTOR
28090,ts251525,Wagner Moura,Dan Velazquez,ACTOR
227510,ts251525,Phillipa Soo,Jin-Sook,ACTOR
43579,ts251525,Chris Chalk,Marcus,ACTOR
14490,ts251525,Amy Brenneman,Rachel,ACTOR
5360,ts251525,Jamie Bell,Harper,ACTOR
2718,tm413096,Tom Hanks,Finch,ACTOR
15829,tm413096,Caleb Landry Jones,Jeff (voice),ACTOR
233430,tm413096,Oscar Avila,Truck Driver (Flashback),ACTOR
2613,tm413096,Lora Martinez-Cunningham,Mother (Flashback),ACTOR
779192,tm413096,Marie Wagenman,Daughter (Flashback),ACTOR
2133671,tm413096,Emily Jones,Warning System (voice),ACTOR
26374,tm413096,Miguel Sapochnik,,DIRECTOR
4577,ts289342,Golshifteh Farahani,Aneesha Malik,ACTOR
46397,ts289342,Shioli Kutsuna,Mitsuki Yamato,ACTOR
55631,ts289342,Shamier Anderson,Trevante Cole,ACTOR
709048,ts289342,Billy Barratt,Caspar Morrow,ACTOR
870682,ts289342,Firas Nassar,Ahmed Malik,ACTOR
804927,ts289342,Azhy Robertson,Luke Malik,ACTOR
2069601,ts289342,Tara Moayedi,Sarah Malik,ACTOR
1075996,ts289342,Daisuke Tsuji,Kaito Kawaguchi,ACTOR
2682417,ts289342,India Jane Francis,Poppy Rees,ACTOR
4696,tm1187578,Will Smith,Peter,ACTOR
11247,tm1187578,Ben Foster,Jim Fassel,ACTOR
695543,tm1187578,Charmaine Bingwa,Dodienne,ACTOR
51929,tm1187578,Steven Ogg,Confederate Sergeant Howard,ACTOR
1112639,tm1187578,Gilbert Owuor,Gordon,ACTOR
198461,tm1187578,Mustafa Shakir,Lt. Andrew Cailloux,ACTOR
111606,tm1187578,Grant Harvey,Leeds,ACTOR
18505,tm1187578,Ronnie Gene Blevins,Harrington,ACTOR
23482,tm1187578,Jayson Warner Smith,Capt. John Lyons,ACTOR
2131292,tm1187578,Jabbar Lewis,Tomas,ACTOR
1140767,tm1187578,Michael Luwoye,John,ACTOR
230459,tm1187578,Aaron Moten,Knowls,ACTOR
2158789,tm1187578,Imani Pullum,Betsy,ACTOR
26863,tm1187578,Paul Ben-Victor,Major G. Halstead,ACTOR
9176,tm1187578,David Denman,General William Dwight,ACTOR
2245393,tm1187578,Merah Benoit,Young Thomas Girl,ACTOR
3809,tm1187578,Antoine Fuqua,,DIRECTOR
5036,ts252747,Claire Danes,Cora Seaborne,ACTOR
2134,ts252747,Tom Hiddleston,Will Ransome,ACTOR
5419,ts252747,Frank Dillane,Dr. Luke Garrett,ACTOR
4827,ts252747,Clémence Poésy,Stella Ransome,ACTOR
177195,ts252747,Hayley Squires,Martha,ACTOR
45105,ts252747,Gerard Kearns,Henry Banks,ACTOR
15576,ts252747,Michael Jibson,Matthew Evansford,ACTOR
2276655,ts252747,Caspar Griffiths,Frankie Seaborne,ACTOR
233950,ts252747,Dixie Egerickx,Jo Ransome,ACTOR
2570030,ts252747,Ryan Reffell,John Ransome,ACTOR
690007,ts252747,Lily-Rose Aslandogdu,Naomi Banks,ACTOR
321488,ts252747,Robin Berry,Jonah,ACTOR
36136,ts296186,Gugu Mbatha-Raw,Sophie Ellis,ACTOR
86488,ts296186,Oliver Jackson-Cohen,James Ellis,ACTOR
13002,ts296186,Ari Graynor,Caroline,ACTOR
32676,ts296186,François Arnaud,Harrison,ACTOR
4255,ts296186,Millie Brady,Eliza,ACTOR
8642,ts296186,Marianne Jean-Baptiste,Hannah,ACTOR
24255,ts296186,Stephan James,Thomas Baden,ACTOR
1221524,tm1137983,Cooper Raiff,Andrew,ACTOR
2886,tm1137983,Dakota Johnson,Domino,ACTOR
2220618,tm1137983,Vanessa Burghardt,Lola,ACTOR
1426450,tm1137983,Evan Assante,David,ACTOR
8500,tm1137983,Leslie Mann,Lisa,ACTOR
531,tm1137983,Brad Garrett,Greg,ACTOR
86659,tm1137983,Raúl Castillo,Joseph,ACTOR
2220826,tm1137983,Amara Pedroso Saquel,Maya,ACTOR
6718,tm1137983,Odeya Rush,Macy,ACTOR
2220742,tm1137983,Brooklyn Ramirez,Margaret,ACTOR
214361,tm1137983,Kelly O'Sullivan,Bella,ACTOR
2220657,tm1137983,Javien Mercado,Andrew (12),ACTOR
232518,tm1137983,Chris Newman,Andrew's Dad,ACTOR
602043,tm1137983,John Paul Hurley,Bartender,ACTOR
226068,tm1137983,Davina Reid,Cath,ACTOR
131699,tm1137983,Corrie Danieley,Jacob's Mom,ACTOR
2019205,tm1137983,Eamonn McElfresh,Little Prick,ACTOR
77510,tm1137983,Mike Dennis,Mr. Prick,ACTOR
1751055,tm1137983,Alison Weisgall,Mrs. Prick,ACTOR
27804,tm1137983,Tommy Lafitte,Mr. Ron,ACTOR
590848,tm1137983,Jonathan Berry,DJ Rich,ACTOR
1008260,tm1137983,Colton Osorio,Rodrigo,ACTOR
1221524,tm1137983,Cooper Raiff,,DIRECTOR
1112,ts236914,Paul Rudd,Ike,ACTOR
1069,ts236914,Will Ferrell,Marty Markowitz,ACTOR
2167,ts236914,Kathryn Hahn,Phyllis Shapiro,ACTOR
15745,ts236914,Casey Wilson,Bonnie Herschkopf,ACTOR
17751,ts236914,Cornell Womack,Bruce,ACTOR
3292,ts236914,Robin Bartlett,Cathy,ACTOR
3931,ts286752,Rosie Perez,Flora,ACTOR
598158,ts286752,Marina de Tavira,Ana,ACTOR
26369,ts286752,José María Yázpik,Pedro,ACTOR
19532,ts286752,Maribel Verdú,Sofia,ACTOR
11139,ts286752,Manolo Cardona,Marcos,ACTOR
81015,ts286752,Soledad Villamil,Daniela,ACTOR
6366,ts286752,Zeljko Ivanek,Sullivan,ACTOR
996333,ts286752,Jorge López,Alejandro,ACTOR
83385,ts286752,Alicia Jaziz Zapién,Young Ana,ACTOR
359747,ts286752,Dario Yazbek Bernal,Young Pedro,ACTOR
364,ts286752,Alicia Sanz,Young Sofia,ACTOR
744657,ts286752,Jack Duarte,Young Marcos,ACTOR
340900,ts286752,Miranda de la Serna,Young Daniela,ACTOR
590533,tm466906,Eva Noblezada,Sam Greenfield (voice),ACTOR
3457,tm466906,Simon Pegg,Bob (voice),ACTOR
15595,tm466906,Jane Fonda,Dragon (voice),ACTOR
6640,tm466906,Whoopi Goldberg,Captain (voice),ACTOR
3904,tm466906,Flula Borg,Jeff the Unicorn (voice),ACTOR
104124,tm466906,Lil Rel Howery,Marvin (voice),ACTOR
33585,tm466906,Colin O'Donoghue,Jerry (voice),ACTOR
2290,tm466906,John Ratzenberger,Rootie (voice),ACTOR
1233942,tm466906,Adelynn Spoon,Hazel (voice),ACTOR
14142,tm466906,Grey DeLisle,Mrs. Rivera / Saorise / Penny Depot Boss (voice),ACTOR
8542,tm466906,Suzy Nakamura,Social Worker (voice),ACTOR
14143,tm466906,Kari Wahlgren,Hazel's Mom / Aine (voice),ACTOR
749306,tm466906,Kwaku Fortune,Gael (voice),ACTOR
45679,tm466906,Chris Edgerly,Typing Bunny (voice),ACTOR
356093,tm466906,Maurice J. Irvin,Phil the Pig Foreman (voice),ACTOR
3321,tm466906,Nick Thurston,Hazel's Dad / Nosy Cat (voice),ACTOR
6821,tm466906,Fred Tatasciore,Quinn / Fred (voice),ACTOR
14965,tm466906,Peggy Holmes,,DIRECTOR
11154,ts273314,Rose Byrne,Sheila Rubin,ACTOR
101088,ts273314,Rory Scovel,Danny Rubin,ACTOR
1062096,ts273314,Dierdre Friel,Greta,ACTOR
1964,ts273314,Della Saba,Bunny,ACTOR
16739,ts273314,Lou Taylor Pucci,Tyler,ACTOR
4401,ts273314,Paul Sparks,John Breem,ACTOR
50195,ts360077,Hillary Clinton,Self,ACTOR
1193036,ts360077,Chelsea Clinton,Self,ACTOR
3776,tm1035207,Denzel Washington,Macbeth,ACTOR
2275,tm1035207,Frances McDormand,Lady Macbeth,ACTOR
9917,tm1035207,Corey Hawkins,Macduff,ACTOR
139996,tm1035207,Alex Hassell,Ross,ACTOR
598190,tm1035207,Kathryn Hunter,Witches / Old Man,ACTOR
19110,tm1035207,Bertie Carvel,Banquo,ACTOR
4825,tm1035207,Brendan Gleeson,Duncan,ACTOR
4837,tm1035207,Harry Melling,Malcolm,ACTOR
49667,tm1035207,Miles Anderson,Lennox,ACTOR
1494763,tm1035207,Matt Helm,Donalbain,ACTOR
892486,tm1035207,Moses Ingram,Lady Macduff,ACTOR
25231,tm1035207,Scott Subiono,Murderer,ACTOR
232,tm1035207,Brian Thompson,Murderer,ACTOR
608610,tm1035207,Lucas Barker,Fleance,ACTOR
4679,tm1035207,Stephen Root,Porter,ACTOR
806863,tm1035207,Robert Gilbert,Angus,ACTOR
1654156,tm1035207,Ethan Hutchison,Macduff's Son,ACTOR
1280989,tm1035207,James Udom,Seyton,ACTOR
56867,tm1035207,Richard Short,Siward,ACTOR
27490,tm1035207,Sean Patrick Thomas,Monteith,ACTOR
3870,tm1035207,Ralph Ineson,Captain,ACTOR
431471,tm1035207,Jefferson Mays,Doctor,ACTOR
1410132,tm1035207,Olivia Washington,Children’s Nurse,ACTOR
1339400,tm1035207,Susan James Berger,Lady in Waiting,ACTOR
1027740,tm1035207,Wayne T. Carr,Lady Macduff’s Murderer,ACTOR
733843,tm1035207,Jacob McCarthy,Wheyface,ACTOR
63567,tm1035207,Nancy Daly,Lady Macbeth's Nurse,ACTOR
1248758,tm1035207,Kayden Alexander Koshelev,Apparition Boy,ACTOR
2100453,tm1035207,Ledger Fuller,Apparition Boy,ACTOR
1140002,tm1035207,T.K. Weaver,Apparition Boy,ACTOR
1120177,tm1035207,Edward Headington,Thane of Cawdor (uncredited),ACTOR
1654179,tm1035207,Tim Oakes,Duncan's Protector (uncredited),ACTOR
76525,tm1035207,Peter Janov,Soldier (uncredited),ACTOR
7691,tm1035207,Max Baker,Doctor (uncredited),ACTOR
1654160,tm1035207,Madison Randolph,Macduff's Daughter (uncredited),ACTOR
1654167,tm1035207,Phil DiGennaro,Demitrius (uncredited),ACTOR
2783,tm1035207,Joel Coen,,DIRECTOR
1852,ts271337,Samuel L. Jackson,Ptolemy Grey,ACTOR
228112,ts271337,Dominique Fishback,Robyn,ACTOR
14692,ts271337,Cynthia Kaye McWilliams,Sensia,ACTOR
2430,ts271337,Damon Gupton,Coydog,ACTOR
77558,ts271337,Marsha Stephanie Blake,Niecie,ACTOR
2251,ts271337,Walton Goggins,Dr. Rubin,ACTOR
20720,ts271337,Omar Benson Miller,Reggie Lloyd,ACTOR
71525,ts226608,Kunal Nayyar,Aadesh Chopra,ACTOR
122331,ts226608,Georgina Campbell,Natalie Thompson,ACTOR
85539,ts226608,Elizabeth Henstridge,Tara McAllister,ACTOR
25967,ts226608,Angel Coulby,Vanessa Okoy,ACTOR
735,ts226608,Noah Emmerich,Scott Anderson,ACTOR
56052,ts226608,Tom Rhys Harries,Eddie Walker / Liam McKenna,ACTOR
1713,ts226608,Elyes Gabel,Sean Tilson,ACTOR
5389,ts226608,Uma Thurman,Katherine Newman,ACTOR
84690,ts226608,Robert Glenister,Martin Copeland,ACTOR
13864,ts226608,Ross McCall,Owen Neilssen,ACTOR
1850,ts282250,Aaron Taylor-Johnson,Mark,ACTOR
9874,ts282250,Aubrey Plaza,Dr. Rachel Wheating,ACTOR
39120,ts282250,Nick Jonas,Sam,ACTOR
2968,ts282250,Clancy Brown,General Wilson,ACTOR
26701,ts282250,Salli Saffioti,911 NY,ACTOR
32436,ts282250,Pedro Pascal,Pedro,ACTOR
2367767,ts330311,Mason Tackett,"Self - Former Musician, employee of  Eric Conn",ACTOR
1311163,ts330311,Robert Gerding,Judge,ACTOR
1905422,ts330311,Ella Frazee,Melinda Hicks,ACTOR
928058,ts330311,Tim Hildebrand,Eric C. Conn,ACTOR
2367591,ts330311,Ned Pillersdorf,"Self - Attorney - Prestonsburg, KY",ACTOR
2367880,ts330311,Eric C. Conn,Self - Lawyer (Archive Footage),ACTOR
46885,tm937920,R.J. Cutler,Self,ACTOR
1534613,tm937920,Billie Eilish,Self,ACTOR
2351700,ts328446,Paul Westhead,Self,ACTOR
2351869,ts328446,Jeanie Buss,Self,ACTOR
34777,ts328446,Magic Johnson,Self,ACTOR
1420073,ts328446,Michael Cooper,Self,ACTOR
919496,ts328446,Jerry West,Self,ACTOR
363737,ts328446,Byron Scott,Self,ACTOR
22388,ts328446,Larry Bird,Self,ACTOR
10366,ts328446,Kareem Abdul-Jabbar,Self,ACTOR
297493,ts328446,Pat Riley,Self,ACTOR
59976,ts328446,Barack Obama,Self,ACTOR
16706,ts328446,Arsenio Hall,Self,ACTOR
22385,ts328446,Michael Jordan,Self,ACTOR
283837,ts328446,Isiah Thomas,Self,ACTOR
929164,ts328446,Adam Silver,Self,ACTOR
31566,ts328446,Spike Lee,Self,ACTOR
22389,ts328446,Charles Barkley,Self,ACTOR
34900,ts328446,Bill Clinton,Self,ACTOR
20051,ts328446,Shaquille O'Neal,Self,ACTOR
9783,ts328446,LL Cool J,Self,ACTOR
3835,ts328446,Jimmy Kimmel,Self,ACTOR
66895,ts328446,Dwyane Wade,Self,ACTOR
993403,ts328446,Grant Hill,Self,ACTOR
22400,ts328446,Danny Ainge,Self,ACTOR
2158104,ts317498,Eddie Gallagher,Himself,ACTOR
111245,ts317498,Jeff Zimbalist,,DIRECTOR
180215,ts317498,Doug Shultz,,DIRECTOR
1760,ts189056,Julianne Moore,Lisey Landon,ACTOR
5255,ts189056,Clive Owen,Scott Landon,ACTOR
2250,ts189056,Jennifer Jason Leigh,Darla Debusher,ACTOR
18687,ts189056,Dane DeHaan,Jim Dooley,ACTOR
2566,ts189056,Joan Allen,Amanda Debusher,ACTOR
196626,tm1093800,Jenn Colella,Beverly / Annette / Others,ACTOR
938694,tm1093800,Joel Hatch,Claude / Others,ACTOR
2049516,tm1093800,Tony LePage,Kevin T. / Garth / Others,ACTOR
2049612,tm1093800,Caesar Samayoa,Kevin J. / Ali / Others,ACTOR
445303,tm1093800,Astrid Van Wieren,Beulah / Others,ACTOR
2049562,tm1093800,Petrina Bromley,Bonnie / Others,ACTOR
235950,tm1093800,Jim Walton,Nick / Others,ACTOR
2049497,tm1093800,Sharon Wheatley,Diane / Others,ACTOR
1985194,tm1093800,Emily Walton,Janice / Others,ACTOR
872946,tm1093800,Q. Smith,Hannah / Others,ACTOR
302183,tm1093800,De'Lon Grant,Bob / Others,ACTOR
400394,tm1093800,Paul Whitty,Oz / Others,ACTOR
278687,tm1093800,Christopher Ashley,,DIRECTOR
22998,tm1239630,Sidney Poitier,Self,ACTOR
40112,tm1239630,Harry Belafonte,Self,ACTOR
2809,tm1239630,Halle Berry,Self,ACTOR
198,tm1239630,Morgan Freeman,Self,ACTOR
67369,tm1239630,Nelson George,Self,ACTOR
23055,tm1239630,Louis Gossett Jr.,Self,ACTOR
18725,tm1239630,Katharine Houghton,Self,ACTOR
34523,tm1239630,Quincy Jones,Self,ACTOR
61868,tm1239630,Lenny Kravitz,Self,ACTOR
31566,tm1239630,Spike Lee,Self,ACTOR
55890,tm1239630,Lulu,Self,ACTOR
11605,tm1239630,Robert Redford,Self,ACTOR
531234,tm1239630,Joanna Shimkus,Self,ACTOR
31286,tm1239630,Barbra Streisand,Self,ACTOR
3776,tm1239630,Denzel Washington,Self,ACTOR
24251,tm1239630,Oprah Winfrey,Self,ACTOR
47097,tm1239630,Reginald Hudlin,,DIRECTOR
887770,ts237871,Lilli Cooper,Doc,ACTOR
109159,ts237871,John Tartaglia,Gobo Fraggle (voice),ACTOR
15758,ts237871,Dave Goelz,Boober Fraggle (voice),ACTOR
82092,ts237871,Karen Prell,Red Fraggle (voice),ACTOR
4781,ts237871,Donna Kimball,Mokey Fraggle (voice),ACTOR
1973511,ts237871,Jordan Lockhart,Wembley Fraggle (voice),ACTOR
1429860,ts237871,Andy Hayward,Pa Gorg (body) / Wrench / Featured Puppeteer / ...,ACTOR
730149,ts237871,Ali Eisner,Turbo / Featured Puppeteer / Balsam / ...,ACTOR
16720,tm984163,Justin Timberlake,Eddie Palmer,ACTOR
1714118,tm984163,Ryder Allen,Sam,ACTOR
5315,tm984163,Juno Temple,Shelly,ACTOR
722776,tm984163,Alisha Wainwright,Maggie Hayes,ACTOR
14248,tm984163,June Squibb,Vivian Palmer,ACTOR
39764,tm984163,Dean Winters,Jerry,ACTOR
28332,tm984163,Wynn Everett,Lucille Coles,ACTOR
896,tm984163,Jesse C. Boyd,Tommy Coles,ACTOR
109741,tm984163,Charmin Lee,Judge Ellen Antheem,ACTOR
31114,tm984163,Jake Brennan,Jake,ACTOR
3339,tm984163,J.D. Evermore,Principal Forbes,ACTOR
22711,tm984163,Stephen Louis Grush,Daryl Reed,ACTOR
1608,tm984163,Lance E. Nichols,Sibs,ACTOR
606491,tm984163,Stacie Davis,Social Worker,ACTOR
1714269,tm984163,Carson Minniear,Toby Reed,ACTOR
31217,tm984163,Theodus Crane,Parole Officer,ACTOR
1354227,tm984163,Hero Hunter,Boy,ACTOR
632106,tm984163,Nicholas X. Parsons,Ned,ACTOR
24160,tm984163,Ray Gaspard,Pastor,ACTOR
1714085,tm984163,Zonia Pelensky,Melissa,ACTOR
1779249,tm984163,Molly Sue Harrison,Emily,ACTOR
4412,tm984163,Dane Rhodes,Coles Senior,ACTOR
26630,tm984163,Craig Sheffer,Bartender Cosimo,ACTOR
4624,tm984163,Fisher Stevens,,DIRECTOR
24251,ts287796,Oprah Winfrey,Self,ACTOR
893802,ts287796,Prince Harry,Self,ACTOR
8272,ts288083,Mark Ronson,Self,ACTOR
59979,tm1247677,Louis Armstrong,Self (archive footage),ACTOR
44714,tm1247677,Nas,Self,ACTOR
157370,tm1247677,Wynton Marsalis,Self,ACTOR
151390,tm1247677,Dwight D. Eisenhower,Self (Archival Footage),ACTOR
64491,tm1247677,Sacha Jenkins,,DIRECTOR
4549,tm470776,Tom Holland,Cherry,ACTOR
65051,tm470776,Ciara Bravo,Emily,ACTOR
368571,tm470776,Jack Reynor,Pills & Coke,ACTOR
6757,tm470776,Michael Rispoli,Tommy,ACTOR
700944,tm470776,Jeffrey Wahlberg,Jimenez,ACTOR
1660,tm470776,Forrest Goodluck,James Lightfoot,ACTOR
769242,tm470776,Michael Gandolfini,Cousin Joe,ACTOR
1198977,tm470776,Suhail Dabbach,Old Man Fatook,ACTOR
1006431,tm470776,Daniel R. Hill,Black,ACTOR
228254,tm470776,Fionn O'Shea,Arnold,ACTOR
979006,tm470776,Ola Orebiyi,Lessing,ACTOR
244280,tm470776,Sam Clemmett,Yuri,ACTOR
122440,tm470776,Kaine Zajaz,Bautista,ACTOR
955439,tm470776,Kyle Harvey,Roy,ACTOR
468879,tm470776,Ann Russo,Cherry's Mom,ACTOR
7187,tm470776,Thomas Lennon,Cherry's Dad,ACTOR
24665,tm470776,Theo Barklem-Biggs,Sgt. North,ACTOR
85151,tm470776,Pooch Hall,Sgt. Whomever,ACTOR
2302908,tm470776,Leo Woodall,Rodgers,ACTOR
2493,tm470776,Jose Pablo Cantillo,Drill Sgt. Deco,ACTOR
1186055,tm470776,Zac Zedalis,Drill Sgt. Murphy,ACTOR
9373,tm470776,Damon Wayans Jr.,Drill Sgt. Masters,ACTOR
866702,tm470776,Kristopher Wente,1st Sgt. Hightower,ACTOR
99669,tm470776,Adam Long,Staff Sgt. Greene,ACTOR
86545,tm470776,Liam Garrigan,Captain,ACTOR
1433353,tm470776,Frank Blake,Seasoned Medic,ACTOR
28878,tm470776,Jeffrey Grover,Asshole Man,ACTOR
1464688,tm470776,Lisa Louise Langford,Nurse #1,ACTOR
111141,tm470776,Kelli Berglund,Madison,ACTOR
28806,tm470776,Joe Russo,Restaurant Owner,ACTOR
76109,tm470776,Tamara Austin,Vanessa,ACTOR
130879,tm470776,Alison Lani,Sheina,ACTOR
267465,tm470776,Harry Holland,Shaker Kid #1,ACTOR
1474303,tm470776,Nick Zeleznik,,ACTOR
79231,tm470776,Nicole Forester,Doctor,ACTOR
657085,tm470776,Jamie Brewer,Shelly,ACTOR
2702,tm470776,Anna Colwell,Wife,ACTOR
16797,tm470776,Bobby Schofield,Clover,ACTOR
9381,tm470776,Nelson Bonilla,Emily's Step-Father,ACTOR
1689106,tm470776,Toney Goins,Benji,ACTOR
132106,tm470776,Presciliana Esparolini,Emily's Mother,ACTOR
295688,tm470776,Craig Hurley,Cherry's Cellmate,ACTOR
43570,tm470776,Ricky Wayne,Bank Manager,ACTOR
1646495,tm470776,Stefan Johnson,Intervening Passerby,ACTOR
1636399,tm470776,Dominic Cancelliere,,ACTOR
1409369,tm470776,Robbie Cox,Paramedic,ACTOR
29893,tm470776,Jacinte Blankenship,Sleeping Wife,ACTOR
691903,tm470776,David Göbel,Pills And Coke's Father,ACTOR
980627,tm470776,Brian Andrus,Army Recruit,ACTOR
191539,tm470776,Rinska Carrasco,Jimenez's Girlfriend,ACTOR
1369576,tm470776,Mark J Clifford,Prisoner,ACTOR
700614,tm470776,Michael Cipiti,Turkish Guy,ACTOR
388929,tm470776,Matt Hudson,,ACTOR
1868439,tm470776,Arthur Koslow,Paul,ACTOR
1865235,tm470776,Kara Kimmer,Angry Woman (uncredited),ACTOR
805271,tm470776,Brett Justin Koppel,Staff Sgt Peterson (uncredited),ACTOR
227169,tm470776,Sherry Hudak,Professor (uncredited),ACTOR
227144,tm470776,Sofia Plass,Theatre Attendee (uncredited),ACTOR
340853,tm470776,Brandon (B.Rice) Rice,Passerby (uncredited),ACTOR
1865109,tm470776,Keith Otto,Driver (uncredited),ACTOR
183619,tm470776,Ryan Czerwonko,Fatooks Waiter,ACTOR
2166459,tm470776,Ryan Cordaro,Bicycle Boy (deleted scene),ACTOR
2607843,tm470776,Chris Richards,Dog Park Husband,ACTOR
28805,tm470776,Anthony Russo,,DIRECTOR
28806,tm470776,Joe Russo,,DIRECTOR
53512,ts94707,Lee Sun-kyun,Koh Se-won,ACTOR
179336,ts94707,Park Hee-soon,Lee Kang-mu,ACTOR
6624,ts94707,Seo Ji-hye,Lieutenant Cho,ACTOR
103961,ts94707,Lee You-young,Jung Jae-yi,ACTOR
130250,ts94707,Lee Jae-won,Hong Nam-il,ACTOR
246888,ts94707,Yoo Teo,Secretary Yoon,ACTOR
2334349,ts94707,Cha Hee,Dr. Hahn,ACTOR
313541,ts94707,Kim Jee-woon,,DIRECTOR
3010,ts221207,Joseph Gordon-Levitt,Josh Corman,ACTOR
226800,ts221207,Arturo Castro,Victor Morales,ACTOR
11620,tm947517,Lou Reed,Self (archive footage),ACTOR
61985,tm947517,John Cale,Self,ACTOR
400414,tm947517,Sterling Morrison,Self (archive footage),ACTOR
473019,tm947517,Maureen Tucker,Self,ACTOR
150245,tm947517,Jonas Mekas,Self,ACTOR
80206,tm947517,Jonathan Richman,Self,ACTOR
21824,tm947517,John Waters,Self,ACTOR
20913,tm947517,Andy Warhol,Self (archive footage),ACTOR
394516,tm947517,Nico,Self (archive footage),ACTOR
8225,tm947517,David Bowie,Self (voice),ACTOR
1825874,tm947517,Doug Yule,Self (archive footage),ACTOR
403508,tm947517,Danny Fields,Self,ACTOR
945235,tm947517,La Monte Young,Self,ACTOR
368669,tm947517,Amy Taubin,Self,ACTOR
56288,tm947517,Allen Ginsberg,Self (archive footage),ACTOR
24563,tm947517,Mary Woronov,Self,ACTOR
945238,tm947517,Marian Zazeela,Self,ACTOR
43506,tm947517,Jackson Browne,Self,ACTOR
1681928,tm947517,Joseph Freeman,Self,ACTOR
1628814,tm947517,Cass Elliot,Self (archive footage),ACTOR
242423,tm947517,Tony Conrad,Self (voice),ACTOR
544596,tm947517,Billy Name,Self (voice),ACTOR
47148,tm947517,Todd Haynes,,DIRECTOR
252452,tm995088,Grace Kaufman,Lennie,ACTOR
264099,tm995088,Jacques Colimon,Joe Fontaine,ACTOR
16016,tm995088,Cherry Jones,Fiona,ACTOR
4876,tm995088,Jason Segel,Big,ACTOR
88020,tm995088,Pico Alexander,Toby Shaw,ACTOR
1802793,tm995088,Ji-young Yoo,Sarah,ACTOR
1176893,tm995088,Havana Rose Liu,Bailey,ACTOR
886139,tm995088,Julia Schlaepfer,Rachel Brazile,ACTOR
1821478,tm995088,Tyler Lofton,Marcus,ACTOR
1387943,tm995088,Sol Landerman,Mr. James,ACTOR
735843,tm995088,Augie Isaac,Luke Jacobus,ACTOR
1391064,tm995088,Destiny Ekwueme,Preppy Student (uncredited),ACTOR
2237924,tm995088,Rae Robison,Maria (uncredited),ACTOR
1002708,tm995088,Lukas Stoiber,Skateboard Student (uncredited),ACTOR
2238142,tm995088,Madisyn Wood,Young Lennie (uncredited),ACTOR
164378,tm995088,Josephine Decker,,DIRECTOR
1768,tm1125299,Mahershala Ali,Cameron Turner,ACTOR
5797,tm1125299,Naomie Harris,Poppy Turner,ACTOR
109809,tm1125299,Awkwafina,Kate,ACTOR
20488,tm1125299,Glenn Close,Dr. Eve Scott,ACTOR
10534,tm1125299,Adam Beach,Dalton,ACTOR
754259,tm1125299,Lee Shorten,Rafa,ACTOR
1978844,tm1125299,Dax Rey,Hugo,ACTOR
83993,tm1125299,Nyasha Hatendi,Andre,ACTOR
905065,tm1125299,JayR Tinaco,Alex,ACTOR
53776,tm1125299,Luke Camilleri,Rob,ACTOR
1828521,tm1125299,Jessica Hayles,Julie,ACTOR
2077010,tm1125299,Mikayla Lagman,Sammy,ACTOR
2077011,tm1125299,Shema Cayden,Young Cameron,ACTOR
2263061,tm1125299,Aiden Adejuwon,Cory (Age 5),ACTOR
2263191,tm1125299,Ace LeVere,Cory (Age 2),ACTOR
254177,tm1125299,Benjamin Cleary,,DIRECTOR
1876142,tm1035374,Ellen Garland,Self,ACTOR
1876483,tm1035374,Michelle Fournet,Self,ACTOR
1607110,tm1035374,Drew Xanthopoulos,,DIRECTOR
1763,ts322544,Jeffrey Wright,Narrator (voice),ACTOR
4402,ts322544,Bill Camp,Abraham Lincoln (voice),ACTOR
91858,ts322544,Leslie Odom Jr.,Frederick Douglass (voice),ACTOR
78100,ts317074,O'Shea Jackson Jr.,Ike,ACTOR
369156,ts317074,Isaiah R. Hill,Jace Carson,ACTOR
36113,ts317074,Quvenzhané Wallis,Crystal,ACTOR
297155,ts317074,Shinelle Azoroh,Jenna,ACTOR
2055366,ts317074,James Bingham,Drew Murphy,ACTOR
2055365,ts317074,Ozie Nzeribe,Royale,ACTOR
88578,ts317074,Tessa Ferrer,Meg Bailey,ACTOR
729455,ts317074,Caleel Harris,Musa,ACTOR
802949,ts317074,Solomon Irama,Phil Marksby,ACTOR
33490,ts317074,Tristan Mack Wilds,Alonzo Powers,ACTOR
955410,ts317074,Sean Baker,Naim Rahaim,ACTOR
1237415,ts312116,Carsyn Rose,Amber Brown,ACTOR
51438,ts312116,Sarah Drew,Sarah Brown,ACTOR
2077163,ts312116,Liliana Inouye,Brandi Colwin,ACTOR
11497,ts312116,Darin Brooks,Max,ACTOR
2128747,tm1117411,Jeremy Morris,Self,ACTOR
936774,tm1117411,Becky Read,,DIRECTOR
1541554,ts308042,Riley Looc,Charles Peterson,ACTOR
1803368,ts308042,Brooklynn MacKinzie,Lizzie Peterson,ACTOR
2053392,ts308042,Eric Lyon,Paul,ACTOR
1323307,ts308042,Dominique Toney,Betsy,ACTOR
34892,tm1074442,George W. Bush,Self,ACTOR
57328,tm1074442,Dick Cheney,Self,ACTOR
380054,tm1074442,Condoleezza Rice,Self,ACTOR
160607,tm1074442,Colin Powell,Self,ACTOR
2045933,tm1074442,Norman Mineta,Self,ACTOR
2045809,tm1074442,Joshua Bolten,Self,ACTOR
111304,tm1074442,Ted Olson,Self,ACTOR
4218,tm1074442,Jeff Daniels,Narrator,ACTOR
1587860,tm1074442,Adam Wishart,,DIRECTOR
67388,tm1031102,David Attenborough,Narrator (voice),ACTOR
2028791,tm1031102,Bhashkar Bara,Self - Villager,ACTOR
2028812,tm1031102,Dulu Bora,Self - Conservationist,ACTOR
2028634,tm1031102,Anshul Chopra,Self - Photographer,ACTOR
2028840,tm1031102,Christine Gabriele,Self - Whale Researcher,ACTOR
2028546,tm1031102,Meghna Hazarika,Self - Conservationist,ACTOR
1579287,tm1031102,Russell MacLaughlin,Self - Wildlife Cameraman,ACTOR
2028853,tm1031102,Salim Mandela,Self - Cheetah Researcher,ACTOR
2028581,tm1031102,Janet Neilson,Self - Whale Researcher,ACTOR
2028866,tm1031102,Justin Perrault,Self - Turtle Researcher,ACTOR
2028758,tm1031102,Suzie Teerlink,Self - Whale Researcher,ACTOR
1851409,tm1031102,Tom Beard,,DIRECTOR
4886,ts287788,Jack McBrayer,Jack,ACTOR
645334,ts320127,Miya Cech,,ACTOR
920418,ts320127,YaYa Gosselin,,ACTOR
2274408,ts320127,Spencer Hermes-Rebello,,ACTOR
981605,ts356319,Lily Brooks O'Briant,Ella,ACTOR
1749505,ts356319,Vanessa Carrasco,Ximena,ACTOR
1182201,ts356319,Artyon Celestine,Kai,ACTOR
655983,ts356319,Aidan Wallace,Grady,ACTOR
300459,ts356319,Mary Faber,Joanne,ACTOR
77329,ts356319,Kevin Rahm,Karl,ACTOR
41054,ts314123,Beanie Feldstein,Harriet M. Welsch (voice),ACTOR
8499,ts314123,Jane Lynch,Ole Golly (voice),ACTOR
13510,ts314123,Lacey Chabert,Marion Hawthorne (voice),ACTOR
25159,ts314123,Kimberly Brooks,Janie (voice),ACTOR
82540,ts314123,Crispin Freeman,Mr. Welsch / Mr. Withers (voice),ACTOR
14142,ts314123,Grey DeLisle,Mrs. Welsch (voice),ACTOR
28452,ts314123,Bumper Robinson,Mr. Horatio / Doorman (voice),ACTOR
44894,ts314123,Charlie Schlatter,Sport (voice),ACTOR
2409203,ts350046,Levi Howden,Jill,ACTOR
2409204,ts350046,Kassidi Roberts,Jacky,ACTOR
356885,ts350046,Barry McCarthy,Jamma,ACTOR
2028873,ts350046,Micah Balfour,Jonas,ACTOR
675066,ts350046,Cicely Giddings,Jenna,ACTOR
2107552,ts350046,Dominique Moore,Pickle Pony,ACTOR
2438159,ts359674,Logan Marmino,Josh Dublin,ACTOR
993735,ts359674,Peyton Jackson,Kyle,ACTOR
765232,ts359674,Trinity Bliss,Gabriella,ACTOR
329269,ts359674,Joy Suprano,Maggie,ACTOR
99688,ts359674,Stephen Schneider,Gary,ACTOR
1680,tm1047516,Lupita Nyong'o,Narrator (voice),ACTOR
1759774,tm1047516,Tyler James Nathan,Charlie Brown (voice),ACTOR
113461,tm1047516,Terry McGurrin,Snoopy (voice),ACTOR
1129452,tm1047516,Isabella Leo,Lucy (voice),ACTOR
1488856,tm1047516,Holly Gorski,Marcie (voice),ACTOR
714214,tm1047516,Hattie Kragten,Sally (voice),ACTOR
1488855,tm1047516,Isis Moore,Peppermint Patty (voice),ACTOR
1129557,tm1047516,Wyatt White,Linus (voice),ACTOR
1488854,tm1047516,Christian Dal Dosso,Franklin (voice),ACTOR
707287,tm1047516,Jacob Soley,Pigpen (voice),ACTOR
1938015,tm1047516,Matthew Mucci,Schroeder (voice),ACTOR
1937798,tm1047516,Natasha Nathan,Patty (voice),ACTOR
719094,tm1047516,Charlie Boyle,Violet (voice),ACTOR
1499,tm1047516,Kevin Smith,Self - Filmmaker,ACTOR
47948,tm1047516,Ira Glass,Self - This American Llife,ACTOR
12216,tm1047516,Paul Feig,Self - Filmmaker,ACTOR
65628,tm1047516,Charles M. Schulz,Self - Creator of Peanuts (archive footage),ACTOR
998745,tm1047516,Keith L. Williams,Self - Actor,ACTOR
1305,tm1047516,Drew Barrymore,"Self - Actor, Producer",ACTOR
645334,tm1047516,Miya Cech,Self - Actor,ACTOR
1615031,tm1047516,Paige Braddock,Self - Cartoonist / Creative Director of Creative Associates,ACTOR
118009,tm1047516,Jean Schulz,Self - Charles Schulz's Widow,ACTOR
1325802,tm1047516,Jennifer Finney Boylan,Self - Writer,ACTOR
67807,tm1047516,Billie Jean King,Self - Tennis Champion / Activist,ACTOR
14146,tm1047516,Al Roker,Self - Journalist,ACTOR
1938247,tm1047516,Robb Armstrong,"Self - Cartoonist, Jumpstart",ACTOR
1900616,tm1047516,Chip Kidd,Self - Writer / Graphic Designer,ACTOR
1938561,tm1047516,Karen Johnson,"Self - Former Director, Charles M. Schulz Museum",ACTOR
2738,tm1047516,Noah Schnapp,Self,ACTOR
174568,tm1047516,Lynn Johnston,Self,ACTOR
34336,tm1047516,Michael Bonfiglio,,DIRECTOR
2314495,ts343660,Makur Maker,Self,ACTOR
123587,ts255273,Ethan Pugiotto,Charlie Brown (voice),ACTOR
113461,ts255273,Terry McGurrin,Snoopy (voice),ACTOR
11394,ts255273,Rob Tinkler,Woodstock (voice),ACTOR
1488854,ts255273,Christian Dal Dosso,Franklin (voice),ACTOR
1129452,ts255273,Isabella Leo,Lucy (voice),ACTOR
1129557,ts255273,Wyatt White,Linus (voice),ACTOR
1488856,ts255273,Holly Gorski,Marcie (voice),ACTOR
714214,ts255273,Hattie Kragten,Sally (voice),ACTOR
1488855,ts255273,Isis Moore,Peppermint Patty (voice),ACTOR
1614985,ts255273,Milo Toriel-McGibbon,Rerun (voice),ACTOR
605378,ts255273,Seán Cullen,Bird Bud 1 (voice),ACTOR
84283,ts255273,Julie Lemieux,Bird Bud 2 (voice),ACTOR
746286,ts255273,David Berni,Bird Bud 3 (voice),ACTOR
1173931,tm1210009,Etienne Kellici,Charlie Brown (voice),ACTOR
1129452,tm1210009,Isabella Leo,Lucy (voice),ACTOR
1129557,tm1210009,Wyatt White,Linus (voice),ACTOR
113461,tm1210009,Terry McGurrin,Snoopy (voice),ACTOR
11394,tm1210009,Rob Tinkler,Woodstock (voice),ACTOR
2155981,tm1210009,Lexi Perri,Peppermint Patty (voice),ACTOR
1488856,tm1210009,Holly Gorski,Marcie (voice),ACTOR
2156191,tm1210009,Caleb Bellavance,Franklin (voice),ACTOR
1937798,tm1210009,Natasha Nathan,Patty (voice),ACTOR
719094,tm1210009,Charlie Boyle,Violet (voice),ACTOR
707287,tm1210009,Jacob Soley,Pigpen (voice),ACTOR
1938015,tm1210009,Matthew Mucci,Schroeder (voice),ACTOR
1759920,tm1210009,Jacob Mazeral,Jose Peterson (voice),ACTOR
862877,tm1210009,Jackson Reid,Thibault (voice),ACTOR
714214,tm1210009,Hattie Kragten,Sally (voice),ACTOR
1959,tm1210009,Raymond S. Persi,,DIRECTOR
1173931,tm1109759,Etienne Kellici,Charlie Brown (voice),ACTOR
1129452,tm1109759,Isabella Leo,Lucy (voice),ACTOR
1129557,tm1109759,Wyatt White,Linus (voice),ACTOR
113461,tm1109759,Terry McGurrin,Snoopy (voice),ACTOR
11394,tm1109759,Rob Tinkler,Woodstock / Spike / Olaf (voice),ACTOR
2155981,tm1109759,Lexi Perri,Peppermint Patty (voice),ACTOR
714214,tm1109759,Hattie Kragten,Sally (voice),ACTOR
1488856,tm1109759,Holly Gorski,Marcie (voice),ACTOR
2156191,tm1109759,Caleb Bellavance,Franklin (voice),ACTOR
1937798,tm1109759,Natasha Nathan,Patty (voice),ACTOR
719094,tm1109759,Charlie Boyle,Violet (voice),ACTOR
707287,tm1109759,Jacob Soley,Pigpen (voice),ACTOR
1938015,tm1109759,Matthew Mucci,Schroeder (voice),ACTOR
2155424,tm1109759,Will Bhaneja,Shermy (voice),ACTOR
1759920,tm1109759,Jacob Mazeral,Jose Peterson (voice),ACTOR
2154838,tm1109759,Lucas Nguyen,Lloyd (voice),ACTOR
84285,tm1109759,Katie Griffin,Belle (voice),ACTOR
660454,tm1109759,Mark Robert Edwards,Andy (voice),ACTOR
102093,tm1109759,Cory Doran,Marbles (voice),ACTOR
2156257,tm1109759,Harley Ruznisky,Tapioca Pudding (voice),ACTOR
1678831,tm1109759,Maya Misaljevic,Frieda (voice),ACTOR
41068,tm1109759,Clay Kaytis,,DIRECTOR
12059,tm1080335,Joseph Mateo,,DIRECTOR
2052944,ts308015,Kassian Akhtar,Wolfboy (voice),ACTOR
930911,ts308015,Archie Yates,Sprout (voice),ACTOR
2052686,ts308015,Lilly Williams,Xandra (voice),ACTOR
3010,ts308015,Joseph Gordon-Levitt,Luxcraft (voice),ACTOR
527406,ts308015,Cristina Milizia,Floof (voice),ACTOR
22191,ts328195,Mark Duplass,Pretzel (voice),ACTOR
9779,ts328195,Nasim Pedrad,Greta (voice),ACTOR
668890,ts328195,Alex Jayne Go,Poppy (voice),ACTOR
1543779,ts328195,Amari McCoy,Pippa (voice),ACTOR
1959905,ts328195,Gracen Newton,Pedro (voice),ACTOR
80709,ts328195,Max Mitchell,Puck (voice),ACTOR
2022866,ts328195,Milo Stein,Paxton (voice),ACTOR
1759774,tm1183175,Tyler James Nathan,Charlie Brown (voice),ACTOR
113461,tm1183175,Terry McGurrin,Snoopy (voice),ACTOR
714214,tm1183175,Hattie Kragten,Sally (voice),ACTOR
11394,tm1183175,Rob Tinkler,Woodstock (voice),ACTOR
2155981,tm1183175,Lexi Perri,Peppermint Patty (voice),ACTOR
1129452,tm1183175,Isabella Leo,Lucy (voice),ACTOR
1129557,tm1183175,Wyatt White,Linus (voice),ACTOR
1488856,tm1183175,Holly Gorski,Marcie (voice),ACTOR
2156191,tm1183175,Caleb Bellavance,Franklin (voice),ACTOR
1937798,tm1183175,Natasha Nathan,Patty (voice),ACTOR
719094,tm1183175,Charlie Boyle,Violet (voice),ACTOR
707287,tm1183175,Jacob Soley,Pigpen (voice),ACTOR
1678831,tm1183175,Maya Misaljevic,Frieda (voice),ACTOR
1938015,tm1183175,Matthew Mucci,Schroeder (voice),ACTOR
862877,tm1183175,Jackson Reid,Thibault (voice),ACTOR
2155424,tm1183175,Will Bhaneja,Shermy (voice),ACTOR
1759920,tm1183175,Jacob Mazeral,Jose Peterson (voice),ACTOR
2154838,tm1183175,Lucas Nguyen,Floyd (voice),ACTOR
2312979,tm1183175,Beatrice Schneider,Lydia (voice),ACTOR
1039072,tm1183175,Maria Nash,Eudora (voice),ACTOR
2313121,tm1183175,Evan Sheppard,5 (voice),ACTOR
1959,tm1183175,Raymond S. Persi,,DIRECTOR
781567,ts364251,Juliet Donenfeld,Piper (voice),ACTOR
46343,ts364251,Sterling K. Brown,Papa (voice),ACTOR
1585682,ts364251,Luke Lowe,Duckston (voice),ACTOR
2590301,ts364251,Maximus Tran,Benjamin (voice),ACTOR
861606,ts364251,Jakari Fraser,Theodore (voice),ACTOR
1465008,ts364251,LaNisa Renee Frederick,Mrs. Slothworth (voice),ACTOR
300459,ts364251,Mary Faber,Mom (voice),ACTOR
2590156,ts364251,Sarah Elizabeth Thompson,CJ (voice),ACTOR
630137,ts308044,Griffin Robert Faulkner,Otis (voice),ACTOR
1600933,ts308044,Elliott Fullam,Sal (voice),ACTOR
2053460,ts308044,Katie Grober,Celeste (voice),ACTOR
2053434,ts308044,Josiah Gaffney,Louie (voice),ACTOR
2053430,ts308044,Leah Janvier,Daisy (voice),ACTOR
1759774,tm1183293,Tyler James Nathan,Charlie Brown (voice),ACTOR
113461,tm1183293,Terry McGurrin,Snoopy (voice),ACTOR
2155981,tm1183293,Lexi Perri,Peppermint Patty (voice),ACTOR
11394,tm1183293,Rob Tinkler,Woodstock / Woodstock's Mom / Woodstock Siblings (voice),ACTOR
1129452,tm1183293,Isabella Leo,Lucy (voice),ACTOR
1129557,tm1183293,Wyatt White,Linus (voice),ACTOR
714214,tm1183293,Hattie Kragten,Sally (voice),ACTOR
1488856,tm1183293,Holly Gorski,Marcie (voice),ACTOR
2156191,tm1183293,Caleb Bellavance,Franklin (voice),ACTOR
1937798,tm1183293,Natasha Nathan,Patty (voice),ACTOR
719094,tm1183293,Charlie Boyle,Violet (voice),ACTOR
707287,tm1183293,Jacob Soley,Pigpen (voice),ACTOR
1678831,tm1183293,Maya Misaljevic,Frieda (voice),ACTOR
1938015,tm1183293,Matthew Mucci,Schroeder (voice),ACTOR
41068,tm1183293,Clay Kaytis,,DIRECTOR
1039072,ts342889,Maria Nash,Pinecone (voice),ACTOR
1420157,ts342889,Andy Hull,Arlo (voice),ACTOR
1258030,ts342889,Chase W. Dillon,Hawthorn (voice),ACTOR
119966,ts342889,Rachel House,Gladys (voice),ACTOR
91399,ts342889,Thom Allison,Greymoon (voice),ACTOR
2003171,ts342889,Viola Abley,Annabelle (voice),ACTOR
1387834,ts342889,Alicia Richardson,Kimya (voice),ACTOR
957640,ts350479,Ian Ho,Harvey (voice),ACTOR
2490266,ts350479,Claire Poon,Jinja (voice),ACTOR
77855,ts350479,Liam McKenna,Jack (voice),ACTOR
2490118,ts350479,Christina Churchill,Robin (voice),ACTOR
2174087,ts320389,Cece Bell,Narrator (voice),ACTOR
2174085,ts320389,Lexi Finigan,Cece / El Deafo (voice),ACTOR
2174088,ts320389,Abigail Catalano,Young Cece (voice),ACTOR
14136,ts320389,Pamela Adlon,Mom / Spidermom (voice),ACTOR
2968,ts320389,Clancy Brown,Mr. Potts / P. Evil / Doctor (voice),ACTOR
8499,ts320389,Jane Lynch,Mrs. Sinklemann (voice),ACTOR
64546,tm1129563,Mariah Carey,Herself,ACTOR
1086876,tm1129563,Khalid,Himself,ACTOR
1340054,tm1129563,Kirk Franklin,Himself,ACTOR
730317,tm1129563,Zane Lowe,Himself,ACTOR
48746,tm1129563,Joseph Kahn,,DIRECTOR
4876,ts314105,Jason Segel,Jimmy,ACTOR
20686,ts314105,Jessica Williams,Gaby,ACTOR
939854,ts314105,Luke Tennie,Sean,ACTOR
94037,ts314105,Michael Urie,Brian,ACTOR
769063,ts314105,Lukita Maxwell,Alice,ACTOR
84897,ts314105,Christa Miller,Liz,ACTOR
1225,ts314105,Harrison Ford,Dr. Paul Rhodes,ACTOR
3358,ts288980,Billy Crudup,Jack Billings,ACTOR
101258,ts288980,Haneefah Wood,Shirley Stedman,ACTOR
8902,ts288980,Hank Azaria,Eddie Nicholls,ACTOR
15711,ts288980,Alison Pill,Myrtle Mayburn,ACTOR
1494333,ts288980,Nicholas Podany,Joey Shorter,ACTOR
201086,ts288980,Dewshane Williams,Herb Porter,ACTOR
1760,tm1003483,Julianne Moore,Madeline Phillips,ACTOR
5944,tm1003483,Sebastian Stan,Max,ACTOR
7582,tm1003483,Justice Smith,Tom,ACTOR
1816751,tm1003483,Briana Middleton,Sandra,ACTOR
1699,tm1003483,John Lithgow,Richard Hobbes,ACTOR
6489,tm1003483,Darren Goldstein,Pat Braddock,ACTOR
1154007,tm1003483,Phillip Johnson Richardson,Det. Collins,ACTOR
669302,tm1003483,Kerry Flanagan,Larusso,ACTOR
9319,tm1003483,David Pittu,David (Lawyer),ACTOR
85033,tm1003483,Quincy Dunn-Baker,William Tyler,ACTOR
834512,tm1003483,Lucy Taylor,Valaria,ACTOR
87079,tm1003483,Hannah Dunne,Brenda,ACTOR
652276,tm1003483,Giullian Yao Gioiello,Jack,ACTOR
241852,tm1003483,Benjamin Caron,,DIRECTOR
6504,ts328281,Connie Britton,Dee Dee,ACTOR
36223,ts328281,Taylor Schilling,Lacey,ACTOR
2083328,ts328281,Colin O'Brien,Edward Adler,ACTOR
1694302,ts328281,Anna Uzele,Adriana,ACTOR
783679,ts328281,Idris Debrand,Kojo,ACTOR
712446,ts328281,Carter Hudson,John,ACTOR
2249042,ts328281,Eva Ariel Binder,Shay,ACTOR
37508,ts328281,Amy Forsyth,Linda,ACTOR
594909,ts328281,Audrey Corsa,Zoe,ACTOR
929646,ts328281,Brittany S. Hall,Amanda,ACTOR
54947,ts328281,Ivan Shaw,Steve,ACTOR
684572,ts328281,Maxwell Jenkins,Jordan,ACTOR
1294,ts316895,Eugene Levy,Self - Host,ACTOR
826,ts296808,Vincent Cassel,Gabriel Delage,ACTOR
5310,ts296808,Eva Green,Alison Rowdy,ACTOR
4846,ts296808,Peter Mullan,Richard Banks,ACTOR
42554,ts296808,Gérard Lanvin,Dumas,ACTOR
642637,ts296808,Daniel Francis,Albert Onwori,ACTOR
51564,ts296808,Stanislas Merhar,DIdier Taraud,ACTOR
31877,ts296808,Irène Jacob,Sophie Saint-Roch,ACTOR
275695,ts296808,Laëtitia Eïdo,Sabine Louseau,ACTOR
9866,ts296808,Ériq Ebouaney,Bob Foret,ACTOR
1178766,ts296808,Bukky Bakray,Kim Onwori,ACTOR
33532,ts296808,Thierry Frémont,French President,ACTOR
162276,ts296808,Olivia Popica,DCI Hobbs,ACTOR
10397,ts296808,Patrick Kennedy,Mark Bolton,ACTOR
1279270,ts296808,Aziz Dyab,Samir,ACTOR
2755997,ts296808,Lyna Dubarry,Myriam,ACTOR
677278,ts377681,Gideon Adlon,Circle (voice),ACTOR
7103,ts377681,Scott Adsit,Triangle (voice),ACTOR
56160,ts377681,Harvey Guillén,Square (voice),ACTOR
12386,ts377681,Yvette Nicole Brown,Narrator (voice),ACTOR
